Countrycode3,Country,year,Gini,r1Gini,rmultiGini
ARM,Armenia,1996,61.3,,
BGD,Bangladesh,2005,34.1,,
BGD,Bangladesh,1992,28.3,,
BLR,Belarus,1996,28.2,,
BLR,Belarus,1995,27.5,,
BLR,Belarus,1998,27.7,,
BLR,Belarus,1999,27.2,,
BLR,Belarus,1995,28.4,,
BOL,Bolivia,2001,60.9,,
BOL,Bolivia,1999,58.6,,
BOL,Bolivia,1999,58.1,,
BOL,Bolivia,2007,56.5,,
BOL,Bolivia,2009,49.3,,
BOL,Bolivia,2000,62.2,,
BOL,Bolivia,2000,64.3,,
BOL,Bolivia,2004,56.1,,
BOL,Bolivia,1997,59.5,,
BOL,Bolivia,2002,61.4,,
BOL,Bolivia,2009,50.8,,
BWA,Botswana,2003,62.6,,
BRA,Brazil,1993,62.1,,
BRA,Brazil,2009,57.6,,
BRA,Brazil,2006,60.5,,
BRA,Brazil,1990,62.7,,
BRA,Brazil,2005,61.3,,
BRA,Brazil,2007,59,,
BRA,Brazil,2008,59.4,,
BRA,Brazil,2002,63.4,,
BRA,Brazil,2004,61.2,,
BRA,Brazil,2001,63.9,,
BRA,Brazil,1996,63.7,,
BRA,Brazil,2003,62.1,,
BRA,Brazil,1995,62.9,,
BRA,Brazil,1999,64,,
BRA,Brazil,2004,56.4,,
BRA,Brazil,2009,54.4,,
BGR,Bulgaria,1992,28.9,,
BFA,Burkina Faso,1995,39,,
CMR,Cameroon,1983,49,,
CMR,Cameroon,2007,39,,
CMR,Cameroon,1996,47.8,,
CAF,Central African Republic,1992,55,,
CHL,Chile,1996,57.7,,
CHL,Chile,1994,55.2,,
CHL,Chile,1990,54.7,,
CHL,Chile,1990,55.4,,
CHL,Chile,1992,52.2,,
CHL,Chile,1992,55.1,,
CHL,Chile,2000,61.4,,
CHL,Chile,1998,56,,
CHL,Chile,1996,55.3,,
CHL,Chile,2009,52.4,,
CHL,Chile,2006,52.2,,
CHL,Chile,1992,52.8,,
CHL,Chile,2003,55.2,,
CHL,Chile,1998,55.8,,
CHL,Chile,1996,56.4,,
CHL,Chile,1987,54.7,,
CHL,Chile,1994,55.6,,
CHL,Chile,2000,56.4,,
CHL,Chile,1990,53.2,,
CHL,Chile,1998,55.9,,
CHL,Chile,1993,50,,
CHN,China,1995,45.2,,
CHN,China,1988,38.2,,
CHN,China,2002,45.3,,
CHN,China,1996,39,,
COL,Colombia,2010,55.3,,
COL,Colombia,2005,55,,
COL,Colombia,2003,54.2,,
COL,Colombia,2002,58.1,,
COL,Colombia,2004,56,,
COL,Colombia,2008,55.8,,
COL,Colombia,2009,55.7,,
COL,Colombia,2007,55.3,,
COL,Colombia,1974,46,,
CRI,Costa Rica,2002,48.8,,
CRI,Costa Rica,2005,47,,
CRI,Costa Rica,2008,47.3,,
CRI,Costa Rica,2007,48.4,,
CRI,Costa Rica,1997,45,,
CRI,Costa Rica,2009,50.1,,
CRI,Costa Rica,2006,48.2,,
CRI,Costa Rica,2001,48.9,,
CRI,Costa Rica,2010,49.2,,
CRI,Costa Rica,1999,47.3,,
CRI,Costa Rica,1990,43.8,,
CRI,Costa Rica,1994,46.1,,
CRI,Costa Rica,2000,47.4,,
CRI,Costa Rica,1992,44.3,,
CRI,Costa Rica,2004,47.8,,
CRI,Costa Rica,2001,49.9,,
CRI,Costa Rica,2010,48,,
CRI,Costa Rica,2010,48.9,,
CIV,Cote d'Ivoire,2008,44.7,,
CIV,Cote d'Ivoire,2002,46.2,,
CIV,Cote d'Ivoire,1998,40.8,,
CIV,Cote d'Ivoire,1993,36.9,,
CZE,Czech Republic,1993,26.6,,
DNK,Denmark,1976,27,,
DJI,Djibouti,2002,40.9,,
DJI,Djibouti,1996,44.8,,
DOM,Dominican Republic,2005,56.9,,
DOM,Dominican Republic,2010,55.4,,
DOM,Dominican Republic,2007,55.6,,
DOM,Dominican Republic,2004,58.6,,
DOM,Dominican Republic,2009,57.4,,
DOM,Dominican Republic,2002,53.7,,
DOM,Dominican Republic,2006,58.3,,
DOM,Dominican Republic,2008,55,,
DOM,Dominican Republic,1989,50.3,,
DOM,Dominican Republic,2005,51,,
ECU,Ecuador,1995,56,,
ECU,Ecuador,2006,52.7,,
ECU,Ecuador,2009,50,,
ECU,Ecuador,2008,50.4,,
ECU,Ecuador,1994,62.5,,
ECU,Ecuador,1999,54.5,,
ECU,Ecuador,2005,53.1,,
ECU,Ecuador,2001,53.9,,
ECU,Ecuador,2010,49.5,,
ECU,Ecuador,1998,56.2,,
ECU,Ecuador,1995,54.7,,
ECU,Ecuador,2004,51.3,,
ECU,Ecuador,2000,56.7,,
ECU,Ecuador,2000,55.9,,
ECU,Ecuador,2007,54,,
ECU,Ecuador,1995,49.4,,
ECU,Ecuador,2006,52.9,,
ECU,Ecuador,1998,49.1,,
EGY,Egypt,1975,37,,
EGY,Egypt,1991,32,,
EGY,Egypt,1997,37.4,,
SLV,El Salvador,2004,47.3,,
SLV,El Salvador,2001,51,,
SLV,El Salvador,1999,53.3,,
SLV,El Salvador,1997,52,,
SLV,El Salvador,2000,51.3,,
SLV,El Salvador,1997,52.9,,
SLV,El Salvador,2009,45.9,,
SLV,El Salvador,2000,54.8,,
SLV,El Salvador,2010,44.5,,
SLV,El Salvador,1999,54.5,,
EST,Estonia,2008,31.5,,
EST,Estonia,2005,33.7,,
EST,Estonia,2007,31.3,,
EST,Estonia,2009,31.4,,
EST,Estonia,2004,34.9,,
EST,Estonia,2010,31.9,,
EST,Estonia,2006,32.8,,
EST,Estonia,1998,37,,
EST,Estonia,1995,35.4,,
EST,Estonia,2000,36.3,,
EST,Estonia,1997,34,,
ETH,Ethiopia,2010,29.8,,
FIN,Finland,2002,26,,
FIN,Finland,1998,22,,
FIN,Finland,2001,24,,
FIN,Finland,1999,24,,
FIN,Finland,2003,26,,
FIN,Finland,1996,22,,
FIN,Finland,2000,24,,
FIN,Finland,1997,22,,
FIN,Finland,1986,20.9,,
FRA,France,1999,28.4,,
FRA,France,1998,27.6,,
FRA,France,2000,28.7,,
FRA,France,2006,29.3,,
FRA,France,1996,27.7,,
FRA,France,1997,27.8,,
FRA,France,2002,28.4,,
FRA,France,2009,29.3,,
FRA,France,2007,29.2,,
FRA,France,2003,28.2,,
FRA,France,2004,28.3,,
FRA,France,2010,30.3,,
FRA,France,2008,29.3,,
FRA,France,2005,28.8,,
FRA,France,2001,28.7,,
FRA,France,1975,34,,
DEU,Germany,1973,30,,
GTM,Guatemala,1989,55.6,,
GTM,Guatemala,1989,59,,
GTM,Guatemala,1989,59.5,,
GTM,Guatemala,1998,54.8,,
GTM,Guatemala,2002,56.3,,
GTM,Guatemala,2006,54.8,,
GTM,Guatemala,2010,54.6,,
GTM,Guatemala,2000,59.8,,
GNB,Guinea-Bissau,1991,56.1,,
GNB,Guinea-Bissau,1994,40,,
GUY,Guyana,2006,35,,
GUY,Guyana,1993,52,,
HND,Honduras,1997,53.1,,
HND,Honduras,1992,56.6,,
HND,Honduras,2006,60.5,,
HND,Honduras,1990,61.5,,
HND,Honduras,2003,58.7,,
HND,Honduras,2001,57.7,,
HND,Honduras,2002,58.8,,
HND,Honduras,2007,58,,
HND,Honduras,1999,56.4,,
HND,Honduras,1997,55.8,,
HND,Honduras,1998,52.1,,
HND,Honduras,2010,57.3,,
HND,Honduras,1994,56,,
HND,Honduras,2009,55.4,,
HUN,Hungary,1991,20.5,,
HUN,Hungary,1989,21.4,,
HUN,Hungary,1987,21,,
HUN,Hungary,1992,28.2,,
HUN,Hungary,1998,25.3,,
HUN,Hungary,1969,23.6,,
ISL,Iceland,2005,25.1,,
ISL,Iceland,2010,25.7,,
ISL,Iceland,2008,27.3,,
ISL,Iceland,2009,29.6,,
ISL,Iceland,2006,26.3,,
ISL,Iceland,2004,24.1,,
ISL,Iceland,2007,28,,
IND,India,1999,31.7,,
IND,India,2012,35.9,,
IDN,Indonesia,1981,33.7,,
IDN,Indonesia,1984,32.4,,
IDN,Indonesia,1980,35.6,,
IRL,Ireland,1973,30,,
ITA,Italy,2000,33.6,,
ITA,Italy,1991,29.1,,
ITA,Italy,1995,33.9,,
ITA,Italy,1986,30.9,,
JAM,Jamaica,2002,58,,
JAM,Jamaica,1990,56.5,,
JAM,Jamaica,2001,60.7,,
JAM,Jamaica,1999,53.3,,
JAM,Jamaica,1996,66.3,,
JPN,Japan,1995,31.6,,
JPN,Japan,2008,30.2,,
JOR,Jordan,2003,38.8,,
JOR,Jordan,1992,43.2,,
JOR,Jordan,1997,36.4,,
KAZ,Kazakhstan,2009,26.7,,
KAZ,Kazakhstan,2007,30.9,,
KAZ,Kazakhstan,2008,28.8,,
KAZ,Kazakhstan,2010,27.8,,
KAZ,Kazakhstan,1996,35.4,,
KEN,Kenya,1977,59,,
KEN,Kenya,1999,62.5,,
KGZ,Kyrgyzstan,1998,46,,
KGZ,Kyrgyzstan,1999,57.9,,
KGZ,Kyrgyzstan,1993,55.3,,
LVA,Latvia,1996,30.8,,
LVA,Latvia,1998,38,,
LVA,Latvia,1995,31,,
LVA,Latvia,1997,32.6,,
LSO,Lesotho,1993,57,,
LSO,Lesotho,1999,60,,
LSO,Lesotho,1995,67,,
LUX,Luxembourg,1986,24.7,,
MKD,Macedonia,1996,45.6,,
MKD,Macedonia,1997,35.6,,
MDG,Madagascar,1980,46.9,,
MDG,Madagascar,2005,41,,
MDG,Madagascar,2010,39.3,,
MDG,Madagascar,2001,45.3,,
MWI,Malawi,1993,62,,
MLI,Mali,1989,36.5,,
MLI,Mali,1994,50.5,,
MRT,Mauritania,1988,42.5,,
MRT,Mauritania,1989,46,,
MEX,Mexico,2010,48.1,,
MEX,Mexico,2008,51.5,,
MEX,Mexico,1989,55,,
MEX,Mexico,1992,54.2,,
MEX,Mexico,2000,54.2,,
MEX,Mexico,1989,53.1,,
MEX,Mexico,1992,53.1,,
MEX,Mexico,2006,50.6,,
MEX,Mexico,1998,53.9,,
MEX,Mexico,2010,48.8,,
MEX,Mexico,2004,51.6,,
MEX,Mexico,1996,52.6,,
MEX,Mexico,1989,53.6,,
MEX,Mexico,1992,53.4,,
MEX,Mexico,1994,53.6,,
MEX,Mexico,2002,51.4,,
MEX,Mexico,2005,52.8,,
MEX,Mexico,1994,53.9,,
MEX,Mexico,1998,53.8,,
MEX,Mexico,1989,53.1,,
MEX,Mexico,1996,52.8,,
MDA,Moldova,1997,42.1,,
MAR,Morocco,1985,39.7,,
MAR,Morocco,2007,41,,
MAR,Morocco,1995,35.6,,
MOZ,Mozambique,2008,41.4,,
NAM,Namibia,1993,74.3,,
NAM,Namibia,2010,59.7,,
NPL,Nepal,1996,40.5,,
NZL,New Zealand,1995,33.1,,
NIC,Nicaragua,1993,58.2,,
NIC,Nicaragua,1998,58.3,,
NIC,Nicaragua,2009,47.8,,
NIC,Nicaragua,1993,55.9,,
NIC,Nicaragua,2001,57.9,,
NIC,Nicaragua,1998,55.9,,
NIC,Nicaragua,2005,53.2,,
NER,Niger,1995,50.6,,
NGA,Nigeria,1985,38.7,,
NGA,Nigeria,1992,45,,
NGA,Nigeria,2010,44.7,,
NGA,Nigeria,1997,50.6,,
NOR,Norway,1986,22.2,,
NOR,Norway,2000,26.1,,
NOR,Norway,1991,23.1,,
PAK,Pakistan,2004,31.2,,
PAN,Panama,2010,51.9,,
PAN,Panama,2009,52,,
PAN,Panama,2008,52.6,,
PAN,Panama,1991,55.5,,
PAN,Panama,1995,55.1,,
PAN,Panama,1999,54.4,,
PAN,Panama,2005,53.8,,
PAN,Panama,1997,56.7,,
PAN,Panama,2003,56.1,,
PAN,Panama,2007,52.9,,
PAN,Panama,2008,52.7,,
PAN,Panama,2000,55.5,,
PAN,Panama,2001,56.5,,
PAN,Panama,1998,55.4,,
PAN,Panama,2002,56.4,,
PAN,Panama,2004,54.9,,
PAN,Panama,2006,54.9,,
PAN,Panama,1989,55,,
PRY,Paraguay,2004,53.6,,
PRY,Paraguay,2005,52.8,,
PRY,Paraguay,2007,54.8,,
PRY,Paraguay,2003,56.3,,
PRY,Paraguay,2010,53.3,,
PRY,Paraguay,2009,51.2,,
PRY,Paraguay,2001,55.8,,
PRY,Paraguay,1999,55.8,,
PRY,Paraguay,2008,52.9,,
PRY,Paraguay,1995,59,,
PRY,Paraguay,1999,59.4,,
PER,Peru,1997,47.9,,
PER,Peru,1994,50.4,,
PER,Peru,2008,47.6,,
PER,Peru,2009,46.9,,
PER,Peru,2007,50,,
PER,Peru,2003,53,,
PER,Peru,1999,54.5,,
PER,Peru,1997,53.2,,
PER,Peru,1997,50.5,,
PER,Peru,1991,48.2,,
PER,Peru,2010,45.8,,
PER,Peru,2001,52.5,,
PER,Peru,2009,49.4,,
PER,Peru,2003,53.7,,
PER,Peru,2000,49.3,,
POL,Poland,1990,19.1,,
POL,Poland,1991,22.5,,
POL,Poland,1987,25.6,,
POL,Poland,1992,23.9,,
POL,Poland,1989,24.9,,
POL,Poland,1993,28.4,,
POL,Poland,1973,24,,
POL,Poland,1976,25.8,,
POL,Poland,1986,27.1,,
RWA,Rwanda,2011,49,,
SRB,Serbia,2010,32.5,,
SCG,Serbia and Montenegro,1996,27.3,,
SCG,Serbia and Montenegro,1994,32.7,,
SCG,Serbia and Montenegro,1992,34.7,,
SCG,Serbia and Montenegro,1995,28.4,,
SCG,Serbia and Montenegro,1993,45.6,,
SCG,Serbia and Montenegro,1997,27.5,,
SLE,Sierra Leone,2003,39,,
SLE,Sierra Leone,1989,62.9,,
SVN,Slovenia,2003,22.1,,
ESP,Spain,2009,33.3,,
ESP,Spain,2010,33.8,,
ESP,Spain,2005,32.4,,
ESP,Spain,2007,30.9,,
ESP,Spain,2004,33,,
ESP,Spain,2006,31.5,,
ESP,Spain,2008,31.7,,
ESP,Spain,1985,31.5,,
SWE,Sweden,1985,20.7,,
SWE,Sweden,1980,19.9,,
SWE,Sweden,1982,19.9,,
SWE,Sweden,1983,19.8,,
SWE,Sweden,1981,19.7,,
SWE,Sweden,1984,20.6,,
TZA,Tanzania,1993,38.1,,
TZA,Tanzania,2007,35,,
TZA,Tanzania,1993,39.5,,
TUN,Tunisia,1975,40.4,,
TUR,Turkey,2004,43,,
UGA,Uganda,2009,42.6,,
UGA,Uganda,1992,44.5,,
UGA,Uganda,1992,40.9,,
UGA,Uganda,2002,42.8,,
UGA,Uganda,2005,40.8,,
UGA,Uganda,2000,44.9,,
UGA,Uganda,1989,37.7,,
UKR,Ukraine,1996,32.5,,
UKR,Ukraine,1995,38.5,,
UKR,Ukraine,1995,44,,
GBR,United Kingdom,2002,33.9,,
USA,United States,1974,35.9,,
URY,Uruguay,2008,44.5,,
URY,Uruguay,2010,42.2,,
URY,Uruguay,2009,43.3,,
URY,Uruguay,2007,45.6,,
URY,Uruguay,2004,43.4,,
URY,Uruguay,2009,45.7,,
VEN,Venezuela,2004,45.3,,
VEN,Venezuela,2006,43.3,,
VEN,Venezuela,2005,47.4,,
VEN,Venezuela,2001,46.4,,
VEN,Venezuela,2002,47.3,,
VEN,Venezuela,1997,47.9,,
VEN,Venezuela,1999,46.9,,
VEN,Venezuela,1992,41.3,,
VEN,Venezuela,2000,44,,
VNM,Vietnam,1993,33.4,,
VNM,Vietnam,2010,39.3,,
ZWE,Zimbabwe,1995,70.3,,
ZWE,Zimbabwe,1990,56.8,,
ALB,Albania,2008,29.98,29.98,29.98
ALB,Albania,2012,28.96,28.959999,28.959999
ALB,Albania,2005,30.6,30.6,30.6
ALB,Albania,2002,31.74,31.74,31.74
ARM,Armenia,1996,42,42,42
ARM,Armenia,2006,40,40,40
ARM,Armenia,2004,45.5,45.5,45.5
ARM,Armenia,2005,43.4,43.400002,43.400002
ARM,Armenia,2002,35.9,35.900002,35.900002
ARM,Armenia,2003,48.4,48.400002,48.400002
AUS,Australia,2012,32.4,,32.400002
AUS,Australia,2000,31.7,,31.700001
AUS,Australia,2004,31.5,,31.5
AUS,Australia,1989,30.2,30.200001,30.200001
AUS,Australia,1995,30.8,30.799999,30.799999
AUS,Australia,2003,31.3,31.299999,31.299999
AUS,Australia,1985,29.2,29.200001,29.200001
AUS,Australia,2008,33.4,33.400002,33.400002
AUS,Australia,2001,31.7,31.700001,31.700001
AUS,Australia,1981,28.1,28.1,28.1
AUS,Australia,2010,33.3,33.299999,33.299999
AUT,Austria,1994,28,,28
AUT,Austria,1987,22.7,,22.700001
AUT,Austria,2010,28.3,28.299999,28.299999
AUT,Austria,2007,26.2,26.200001,26.200001
AUT,Austria,1999,26,26,26
AUT,Austria,1996,26,26,26
AUT,Austria,2014,27.6,27.6,27.6
AUT,Austria,2000,24,24,24
AUT,Austria,2004,25.8,25.799999,25.799999
AUT,Austria,1995,27,27,27
AUT,Austria,2005,26.3,26.299999,26.299999
AUT,Austria,2003,27.4,27.4,27.4
AUT,Austria,2006,25.3,25.299999,25.299999
AUT,Austria,2012,27.6,27.6,27.6
AUT,Austria,1998,24,24,24
AUT,Austria,2001,24,24,24
AUT,Austria,2015,27.2,27.200001,27.200001
AUT,Austria,2009,27.5,27.5,27.5
AUT,Austria,2008,27.7,27.700001,27.700001
AUT,Austria,2013,27,27,27
AUT,Austria,1997,25,25,25
AZE,Azerbaijan,2002,17.36,17.360001,17.360001
AZE,Azerbaijan,2004,16.23,16.23,16.23
AZE,Azerbaijan,2005,16.64,16.639999,16.639999
AZE,Azerbaijan,2008,31.79,31.790001,31.790001
AZE,Azerbaijan,1995,34.65,34.650002,34.650002
AZE,Azerbaijan,2003,18.81,18.809999,18.809999
AZE,Azerbaijan,2001,36.45,36.450001,36.450001
BGD,Bangladesh,1988,26.1,,26.1
BGD,Bangladesh,1986,25.9,,25.9
BGD,Bangladesh,1996,36,,36
BGD,Bangladesh,1991,27.57,27.57,27.57
BGD,Bangladesh,2010,32.13,32.130001,32.130001
BGD,Bangladesh,1985,26.92,26.92,26.92
BGD,Bangladesh,1995,32.94,32.939999,32.939999
BGD,Bangladesh,2000,33.41,33.41,33.41
BGD,Bangladesh,2005,33.2,33.200001,33.200001
BLR,Belarus,2002,24.6,24.6,24.6
BLR,Belarus,1997,24.9,24.9,24.9
BLR,Belarus,1999,23.5,23.5,23.5
BLR,Belarus,2006,27.9,27.9,27.9
BLR,Belarus,2004,24.8,24.799999,24.799999
BLR,Belarus,1998,25.3,25.299999,25.299999
BLR,Belarus,2000,24.7,24.700001,24.700001
BLR,Belarus,2003,24.9,24.9,24.9
BLR,Belarus,1996,24.4,24.4,24.4
BLR,Belarus,1995,25.3,25.299999,25.299999
BLR,Belarus,2005,23.8,23.799999,23.799999
BLR,Belarus,2001,24.5,24.5,24.5
BEL,Belgium,2004,26.1,26.1,26.1
BEL,Belgium,2015,26.2,26.200001,26.200001
BEL,Belgium,2006,27.8,27.799999,27.799999
BEL,Belgium,2007,26.3,26.299999,26.299999
BEL,Belgium,2000,30,30,30
BEL,Belgium,2001,28,28,28
BEL,Belgium,1997,27,27,27
BEL,Belgium,1998,27,27,27
BEL,Belgium,1996,28,28,28
BEL,Belgium,2010,26.6,26.6,26.6
BEL,Belgium,1999,29,29,29
BEL,Belgium,2012,26.5,26.5,26.5
BEL,Belgium,2011,26.3,26.299999,26.299999
BEL,Belgium,2013,25.9,25.9,25.9
BEL,Belgium,2014,25.9,25.9,25.9
BEL,Belgium,2003,28.3,28.299999,28.299999
BEL,Belgium,1995,29,29,29
BEL,Belgium,2009,26.4,26.4,26.4
BEL,Belgium,2008,27.5,27.5,27.5
BEL,Belgium,2005,28,28,28
BTN,Bhutan,2003,46.78,46.779999,46.779999
BTN,Bhutan,2012,38.81,38.810001,38.810001
BTN,Bhutan,2007,38.09,38.09,38.09
BOL,Bolivia,1999,57.9,57.900002,57.900002
BOL,Bolivia,2001,58.5,58.5,58.5
BOL,Bolivia,2008,51.4,51.400002,51.400002
BOL,Bolivia,2007,55.3,55.299999,55.299999
BOL,Bolivia,2002,60,60,60
BOL,Bolivia,1997,58,58,58
BOL,Bolivia,2000,61.9,61.900002,61.900002
BOL,Bolivia,2005,58.3,58.299999,58.299999
BOL,Bolivia,2006,56.7,56.700001,56.700001
BOL,Bolivia,2009,49.4,49.400002,49.400002
BIH,Bosnia and Herzegovina,2001,29.97,29.969999,29.969999
BIH,Bosnia and Herzegovina,2004,34.04,34.040001,34.040001
BIH,Bosnia and Herzegovina,2007,33.06,33.060001,33.060001
BIH,Bosnia and Herzegovina,2011,33.83,33.830002,33.830002
BWA,Botswana,1994,53.7,53.700001,53.700001
BWA,Botswana,1986,55.6,55.599998,55.599998
BRA,Brazil,1983,58.2,58.200001,58.200001
BRA,Brazil,1989,62.6,62.599998,62.599998
BRA,Brazil,2003,57.5,57.5,57.5
BRA,Brazil,1998,59.1,59.099998,59.099998
BRA,Brazil,2004,56.5,56.5,56.5
BRA,Brazil,1987,59,59,59
BRA,Brazil,2002,58.2,58.200001,58.200001
BRA,Brazil,2001,58.7,58.700001,58.700001
BRA,Brazil,1982,57.7,57.700001,57.700001
BRA,Brazil,1999,58.5,58.5,58.5
BRA,Brazil,2006,55.6,55.599998,55.599998
BRA,Brazil,1988,60.7,60.700001,60.700001
BRA,Brazil,2007,54.7,54.700001,54.700001
BRA,Brazil,1997,59.2,59.200001,59.200001
BRA,Brazil,2005,56.3,56.299999,56.299999
BRA,Brazil,1984,57.6,57.599998,57.599998
BRA,Brazil,1990,60.2,60.200001,60.200001
BRA,Brazil,2009,53.4,53.400002,53.400002
BRA,Brazil,1996,59.2,59.200001,59.200001
BRA,Brazil,1981,57.1,57.099998,57.099998
BRA,Brazil,1986,57.8,57.799999,57.799999
BRA,Brazil,1985,54.8,54.799999,54.799999
BRA,Brazil,2008,53.9,53.900002,53.900002
BRA,Brazil,1995,59.1,59.099998,59.099998
BRA,Brazil,1993,59.7,59.700001,59.700001
BGR,Bulgaria,2015,37,,37
BGR,Bulgaria,2012,33.6,,33.599998
BGR,Bulgaria,2013,35.4,,35.400002
BGR,Bulgaria,2014,35.4,,35.400002
BGR,Bulgaria,2010,33.2,,33.200001
BGR,Bulgaria,2009,33.4,,33.400002
BGR,Bulgaria,2011,35,,35
BGR,Bulgaria,2003,35.1,35.099998,35.099998
BGR,Bulgaria,2002,37,37,37
BGR,Bulgaria,1995,38.4,38.400002,38.400002
BGR,Bulgaria,2001,33.3,33.299999,33.299999
BGR,Bulgaria,1992,33.1,33.099998,33.099998
BGR,Bulgaria,1998,34.5,34.5,34.5
BGR,Bulgaria,1994,37.4,37.400002,37.400002
BGR,Bulgaria,1999,32.6,32.599998,32.599998
BGR,Bulgaria,1993,33.5,33.5,33.5
BGR,Bulgaria,2007,31.9,31.9,31.9
BGR,Bulgaria,1997,36.6,36.599998,36.599998
BGR,Bulgaria,2005,33.8,33.799999,33.799999
BGR,Bulgaria,2000,33.2,33.200001,33.200001
BGR,Bulgaria,2004,35.8,35.799999,35.799999
BGR,Bulgaria,2006,31,31,31
BGR,Bulgaria,1996,35.7,35.700001,35.700001
BGR,Bulgaria,2008,31.1,31.1,31.1
BFA,Burkina Faso,1998,57.5,,57.5
BFA,Burkina Faso,1994,50.8,,50.799999
BFA,Burkina Faso,2009,39.76,39.759998,39.759998
BFA,Burkina Faso,2003,43.25,43.25,43.25
BFA,Burkina Faso,2014,35.3,35.299999,35.299999
BDI,Burundi,1992,33.33,33.330002,33.330002
BDI,Burundi,1998,42.35,42.349998,42.349998
BDI,Burundi,2006,33.36,33.360001,33.360001
KHM,Cambodia,1997,44.7,,44.700001
KHM,Cambodia,1994,38.5,,38.5
KHM,Cambodia,1999,37.4,,37.400002
KHM,Cambodia,2009,34.65,34.650002,34.650002
KHM,Cambodia,2011,31.7,31.700001,31.700001
KHM,Cambodia,2004,35.46,35.459999,35.459999
KHM,Cambodia,2007,41.14,41.139999,41.139999
KHM,Cambodia,2012,30.76,30.76,30.76
KHM,Cambodia,2010,33.44,33.439999,33.439999
KHM,Cambodia,2008,35.1,35.099998,35.099998
CMR,Cameroon,2001,42.14,42.139999,42.139999
CMR,Cameroon,2007,42.82,42.82,42.82
CMR,Cameroon,2014,46.54,46.540001,46.540001
CAN,Canada,1982,28.6,,28.6
CAN,Canada,1975,33.1,,33.099998
CAN,Canada,1980,28.5,,28.5
CAN,Canada,1971,37.3,,37.299999
CAN,Canada,2000,31.8,31.799999,31.799999
CAN,Canada,1984,29.6,29.6,29.6
CAN,Canada,2006,31.8,31.799999,31.799999
CAN,Canada,1987,28.9,28.9,28.9
CAN,Canada,1985,29.3,29.299999,29.299999
CAN,Canada,1999,30.9,30.9,30.9
CAN,Canada,1990,28.7,28.700001,28.700001
CAN,Canada,2009,32,32,32
CAN,Canada,2010,32,32,32
CAN,Canada,1996,29.8,29.799999,29.799999
CAN,Canada,1998,30.9,30.9,30.9
CAN,Canada,2007,31.9,31.9,31.9
CAN,Canada,1986,29.2,29.200001,29.200001
CAN,Canada,2004,32.2,32.200001,32.200001
CAN,Canada,2001,31.7,31.700001,31.700001
CAN,Canada,2008,32.1,32.099998,32.099998
CAN,Canada,2011,31.6,31.6,31.6
CAN,Canada,1988,28.4,28.4,28.4
CAN,Canada,2005,31.7,31.700001,31.700001
CAN,Canada,1993,28.6,28.6,28.6
CAN,Canada,1997,30.2,30.200001,30.200001
CAN,Canada,1983,29.9,29.9,29.9
CAN,Canada,2003,31.6,31.6,31.6
CAN,Canada,1995,28.9,28.9,28.9
CAN,Canada,1991,29.4,29.4,29.4
CAN,Canada,1989,28.3,28.299999,28.299999
CAN,Canada,1992,29.2,29.200001,29.200001
CAN,Canada,2002,31.8,31.799999,31.799999
CAN,Canada,1994,28.7,28.700001,28.700001
CAF,Central African Republic,2008,56.24,56.240002,56.240002
CAF,Central African Republic,2003,43.61,43.610001,43.610001
CAF,Central African Republic,1992,61.33,61.330002,61.330002
CHL,Chile,1995,57.2,,57.200001
CHL,Chile,1999,57.3,,57.299999
CHL,Chile,1992,54.7,54.700001,54.700001
CHL,Chile,1987,56.1,56.099998,56.099998
CHL,Chile,2006,51.7,51.700001,51.700001
CHL,Chile,1998,55.4,55.400002,55.400002
CHL,Chile,2009,51.9,51.900002,51.900002
CHL,Chile,1994,56.3,56.299999,56.299999
CHL,Chile,1996,54.8,54.799999,54.799999
CHL,Chile,1990,57.1,57.099998,57.099998
CHL,Chile,2003,54.7,54.700001,54.700001
CHL,Chile,2000,55.5,55.5,55.5
CHN,China,1978,31.7,,31.700001
CHN,China,2011,47.7,,47.700001
CHN,China,1983,28.4,,28.4
CHN,China,2012,47.4,,47.400002
CHN,China,2010,48.1,,48.099998
CHN,China,1995,29,29,29
CHN,China,1991,34.1,34.099998,34.099998
CHN,China,1985,22.4,22.4,22.4
CHN,China,2000,39,39,39
CHN,China,2003,44.9,44.900002,44.900002
COL,Colombia,1996,54,,54
COL,Colombia,2000,55,,55
COL,Colombia,2001,56.5,,56.5
COL,Colombia,2005,55.1,55.099998,55.099998
COL,Colombia,2002,56.7,56.700001,56.700001
COL,Colombia,2008,56.2,56.200001,56.200001
COL,Colombia,1999,57.2,57.200001,57.200001
COL,Colombia,1991,53.1,53.099998,53.099998
COL,Colombia,2003,54.8,54.799999,54.799999
COL,Colombia,2010,55.7,55.700001,55.700001
COL,Colombia,2009,55.3,55.299999,55.299999
COL,Colombia,1994,60.1,60.099998,60.099998
COL,Colombia,1997,56.9,56.900002,56.900002
COL,Colombia,2004,55.3,55.299999,55.299999
CRI,Costa Rica,2009,50.4,50.400002,50.400002
CRI,Costa Rica,1992,44.6,44.599998,44.599998
CRI,Costa Rica,2006,48.9,48.900002,48.900002
CRI,Costa Rica,2010,49.9,49.900002,49.900002
CRI,Costa Rica,1995,44.7,44.700001,44.700001
CRI,Costa Rica,2007,49.2,49.200001,49.200001
CRI,Costa Rica,2002,50,50,50
CRI,Costa Rica,1997,44.9,44.900002,44.900002
CRI,Costa Rica,2005,47.3,47.299999,47.299999
CRI,Costa Rica,1991,45.4,45.400002,45.400002
CRI,Costa Rica,1999,47,47,47
CRI,Costa Rica,1993,44.7,44.700001,44.700001
CRI,Costa Rica,2004,48.2,48.200001,48.200001
CRI,Costa Rica,1996,45.5,45.5,45.5
CRI,Costa Rica,1998,45,45,45
CRI,Costa Rica,2003,49.2,49.200001,49.200001
CRI,Costa Rica,2001,50.1,50.099998,50.099998
CRI,Costa Rica,2008,48.6,48.599998,48.599998
CRI,Costa Rica,1989,44,44,44
CRI,Costa Rica,2000,46.7,46.700001,46.700001
CRI,Costa Rica,1990,44,44,44
CRI,Costa Rica,1994,45.8,45.799999,45.799999
CIV,Cote d'Ivoire,1995,44.3,,44.299999
CIV,Cote d'Ivoire,1988,42.8,,42.799999
CIV,Cote d'Ivoire,1986,43.8,,43.799999
CIV,Cote d'Ivoire,1985,45.2,,45.200001
CIV,Cote d'Ivoire,1987,44.8,,44.799999
CIV,Cote d'Ivoire,2002,41.34,41.34,41.34
CIV,Cote d'Ivoire,1998,38.96,38.959999,38.959999
CIV,Cote d'Ivoire,2008,43.18,43.18,43.18
CIV,Cote d'Ivoire,1992,39.39,39.389999,39.389999
HRV,Croatia,2013,30.9,30.9,30.9
HRV,Croatia,2004,30,30,30
HRV,Croatia,2015,30.6,30.6,30.6
HRV,Croatia,2014,30.2,30.200001,30.200001
HRV,Croatia,2010,31.6,31.6,31.6
HRV,Croatia,2003,29,29,29
HRV,Croatia,2012,30.9,30.9,30.9
HRV,Croatia,2005,30,30,30
HRV,Croatia,2011,31.2,31.200001,31.200001
CYP,Cyprus,2009,29.5,29.5,29.5
CYP,Cyprus,2012,31,31,31
CYP,Cyprus,2006,28.8,28.799999,28.799999
CYP,Cyprus,2005,28.7,28.700001,28.700001
CYP,Cyprus,2013,32.4,32.400002,32.400002
CYP,Cyprus,2014,34.8,34.799999,34.799999
CYP,Cyprus,2003,27,27,27
CYP,Cyprus,2011,29.2,29.200001,29.200001
CYP,Cyprus,2007,29.8,29.799999,29.799999
CYP,Cyprus,2015,33.6,33.599998,33.599998
CYP,Cyprus,2010,30.1,30.1,30.1
CYP,Cyprus,2008,29,29,29
CYP,Cyprus,1997,29,29,29
CZE,Czech Republic,1991,22.2,,22.200001
CZE,Czech Republic,2012,24.9,,24.9
CZE,Czech Republic,2015,25,,25
CZE,Czech Republic,2014,25.1,,25.1
CZE,Czech Republic,1989,18.5,,18.5
CZE,Czech Republic,1990,20.1,,20.1
CZE,Czech Republic,2002,26,26,26
CZE,Czech Republic,2009,25.4,25.4,25.4
CZE,Czech Republic,2006,25.9,25.9,25.9
CZE,Czech Republic,2007,25.5,25.5,25.5
CZE,Czech Republic,2008,25.6,25.6,25.6
CZE,Czech Republic,2005,25.9,25.9,25.9
CZE,Czech Republic,1996,25.7,25.700001,25.700001
CZE,Czech Republic,2004,26.7,26.700001,26.700001
CZE,Czech Republic,1992,23.2,23.200001,23.200001
DNK,Denmark,2003,24.8,,24.799999
DNK,Denmark,2012,26.5,,26.5
DNK,Denmark,2015,27.4,,27.4
DNK,Denmark,1983,21.6,,21.6
DNK,Denmark,1982,22,,22
DNK,Denmark,1981,22.7,,22.700001
DNK,Denmark,2014,27.7,,27.700001
DNK,Denmark,2013,26.8,,26.799999
DNK,Denmark,2001,22,,22
DNK,Denmark,1984,20.5,,20.5
DNK,Denmark,1990,22.6,22.6,22.6
DNK,Denmark,1991,22.2,22.200001,22.200001
DNK,Denmark,2006,23.9,23.9,23.9
DNK,Denmark,1995,21.5,21.5,21.5
DNK,Denmark,1998,22.4,22.4,22.4
DNK,Denmark,2009,23.8,23.799999,23.799999
DNK,Denmark,1985,22.1,22.1,22.1
DNK,Denmark,2007,24.6,24.6,24.6
DNK,Denmark,2008,24.2,24.200001,24.200001
DNK,Denmark,1988,22.4,22.4,22.4
DNK,Denmark,2000,22.7,22.700001,22.700001
DNK,Denmark,1987,22.5,22.5,22.5
DNK,Denmark,1996,21.6,21.6,21.6
DNK,Denmark,2005,23.2,23.200001,23.200001
DNK,Denmark,1992,22.2,22.200001,22.200001
DNK,Denmark,1986,22.4,22.4,22.4
DNK,Denmark,1999,22.8,22.799999,22.799999
DNK,Denmark,1994,21.6,21.6,21.6
DNK,Denmark,2010,25.2,25.200001,25.200001
DNK,Denmark,1989,22,22,22
DNK,Denmark,1993,22.3,22.299999,22.299999
DNK,Denmark,1997,22.4,22.4,22.4
DJI,Djibouti,2002,40,40,40
DJI,Djibouti,2013,44.13,44.130001,44.130001
DJI,Djibouti,2012,45.13,45.130001,45.130001
DOM,Dominican Republic,2005,49.9,49.900002,49.900002
DOM,Dominican Republic,1996,47.2,47.200001,47.200001
DOM,Dominican Republic,2007,48.7,48.700001,48.700001
DOM,Dominican Republic,2009,48.9,48.900002,48.900002
DOM,Dominican Republic,2001,50.4,50.400002,50.400002
DOM,Dominican Republic,2006,51.9,51.900002,51.900002
DOM,Dominican Republic,2002,50,50,50
DOM,Dominican Republic,2000,51.9,51.900002,51.900002
DOM,Dominican Republic,1997,48.5,48.5,48.5
DOM,Dominican Republic,2008,49,49,49
DOM,Dominican Republic,2004,51.9,51.900002,51.900002
DOM,Dominican Republic,2003,52,52,52
DOM,Dominican Republic,2010,47.2,47.200001,47.200001
ECU,Ecuador,1995,56.7,56.700001,56.700001
ECU,Ecuador,1999,58.5,58.5,58.5
ECU,Ecuador,2007,53.9,53.900002,53.900002
ECU,Ecuador,2005,53.6,53.599998,53.599998
ECU,Ecuador,2010,48.9,48.900002,48.900002
ECU,Ecuador,2009,48.9,48.900002,48.900002
ECU,Ecuador,2006,52.8,52.799999,52.799999
ECU,Ecuador,1998,57.3,57.299999,57.299999
ECU,Ecuador,2000,55.9,55.900002,55.900002
ECU,Ecuador,2004,53.6,53.599998,53.599998
ECU,Ecuador,2008,50.2,50.200001,50.200001
ECU,Ecuador,2003,54.5,54.5,54.5
EGY,Egypt,1996,34.5,34.5,34.5
EGY,Egypt,2000,37.8,37.799999,37.799999
SLV,El Salvador,2006,45.4,,45.400002
SLV,El Salvador,2002,51.5,,51.5
SLV,El Salvador,2007,45.2,,45.200001
SLV,El Salvador,2008,46.6,,46.599998
SLV,El Salvador,2005,47.8,,47.799999
SLV,El Salvador,2010,45.4,45.400002,45.400002
SLV,El Salvador,1995,50.7,50.700001,50.700001
SLV,El Salvador,2000,53.1,53.099998,53.099998
SLV,El Salvador,1999,51.8,51.799999,51.799999
SLV,El Salvador,1997,51,51,51
SLV,El Salvador,2004,49.3,49.299999,49.299999
SLV,El Salvador,2001,52.5,52.5,52.5
SLV,El Salvador,2009,47.8,47.799999,47.799999
EST,Estonia,2005,34.1,34.099998,34.099998
EST,Estonia,2004,37.4,37.400002,37.400002
EST,Estonia,2007,33.4,33.400002,33.400002
EST,Estonia,2015,34.8,34.799999,34.799999
EST,Estonia,2012,32.5,32.5,32.5
EST,Estonia,2003,34,34,34
EST,Estonia,2006,33.1,33.099998,33.099998
EST,Estonia,2009,31.4,31.4,31.4
EST,Estonia,2008,30.9,30.9,30.9
EST,Estonia,2010,31.3,31.299999,31.299999
EST,Estonia,2014,35.6,35.599998,35.599998
EST,Estonia,2013,32.9,32.900002,32.900002
ETH,Ethiopia,1995,28.7,,28.700001
ETH,Ethiopia,1997,44.1,,44.099998
ETH,Ethiopia,1999,29.98,29.98,29.98
ETH,Ethiopia,2004,29.81,29.809999,29.809999
ETH,Ethiopia,2010,33.17,33.169998,33.169998
FIN,Finland,2009,25.9,,25.9
FIN,Finland,2015,25.2,,25.200001
FIN,Finland,2005,26,,26
FIN,Finland,2008,26.3,,26.299999
FIN,Finland,2007,26.2,,26.200001
FIN,Finland,2010,25.4,,25.4
FIN,Finland,2014,25.6,,25.6
FIN,Finland,2004,25.5,,25.5
FIN,Finland,2006,25.9,,25.9
FIN,Finland,2002,25.5,25.5,25.5
FIN,Finland,1989,20.4,20.4,20.4
FIN,Finland,2000,26.5,26.5,26.5
FIN,Finland,1987,19.7,19.700001,19.700001
FIN,Finland,1999,25.9,25.9,25.9
FIN,Finland,1998,24.6,24.6,24.6
FIN,Finland,1981,20.5,20.5,20.5
FIN,Finland,1991,20.1,20.1,20.1
FIN,Finland,1997,23.5,23.5,23.5
FIN,Finland,1995,21.7,21.700001,21.700001
FIN,Finland,1992,19.7,19.700001,19.700001
FIN,Finland,1990,20.2,20.200001,20.200001
FIN,Finland,1993,20.9,20.9,20.9
FIN,Finland,1988,20.2,20.200001,20.200001
FIN,Finland,1966,30.9,30.9,30.9
FIN,Finland,1994,20.9,20.9,20.9
FIN,Finland,2003,25.8,25.799999,25.799999
FIN,Finland,1996,22.1,22.1,22.1
FIN,Finland,2001,25.6,25.6,25.6
FRA,France,1994,29,,29
FRA,France,1989,28.8,,28.799999
FRA,France,1978,31.7,,31.700001
FRA,France,1984,34.3,,34.299999
FRA,France,2015,29.2,29.200001,29.200001
FRA,France,2004,28.2,28.200001,28.200001
FRA,France,2005,27.7,27.700001,27.700001
FRA,France,2013,30.1,30.1,30.1
FRA,France,2000,28,28,28
FRA,France,2007,26.6,26.6,26.6
FRA,France,2003,27,27,27
FRA,France,1996,29,29,29
FRA,France,2014,29.2,29.200001,29.200001
FRA,France,2002,27,27,27
FRA,France,2009,29.9,29.9,29.9
FRA,France,1997,29,29,29
FRA,France,2006,27.3,27.299999,27.299999
FRA,France,1999,29,29,29
FRA,France,2010,29.8,29.799999,29.799999
FRA,France,2008,29.8,29.799999,29.799999
FRA,France,1995,29,29,29
FRA,France,2012,30.5,30.5,30.5
FRA,France,1998,28,28,28
FRA,France,2001,27,27,27
GMB,"Gambia, The",1992,48.1,,48.099998
GMB,"Gambia, The",1994,59.4,,59.400002
GMB,"Gambia, The",1993,60.9,,60.900002
GMB,"Gambia, The",1998,48.52,48.52,48.52
GMB,"Gambia, The",2003,47.33,47.330002,47.330002
GEO,Georgia,2013,40,,40
GEO,Georgia,2010,44.5,,44.5
GEO,Georgia,1998,50.3,50.299999,50.299999
GEO,Georgia,2001,45.8,45.799999,45.799999
GEO,Georgia,2002,45.4,45.400002,45.400002
DEU,Germany,1983,26.1,,26.1
DEU,Germany,1984,26.6,,26.6
DEU,Germany,1978,26.4,,26.4
DEU,Germany,2015,30.1,,30.1
DEU,Germany,2014,30.7,,30.700001
DEU,Germany,2012,28.3,,28.299999
DEU,Germany,1981,24.4,,24.4
DEU,Germany,1989,25.8,,25.799999
DEU,Germany,2009,28.8,28.799999,28.799999
DEU,Germany,2007,29.5,29.5,29.5
DEU,Germany,1994,26.8,26.799999,26.799999
DEU,Germany,2004,28.5,28.5,28.5
DEU,Germany,2005,29.7,29.700001,29.700001
DEU,Germany,1995,26.6,26.6,26.6
DEU,Germany,1996,26,26,26
DEU,Germany,2010,28.6,28.6,28.6
DEU,Germany,1999,25.9,25.9,25.9
DEU,Germany,2006,29,29,29
DEU,Germany,1997,25.9,25.9,25.9
DEU,Germany,1998,25.9,25.9,25.9
DEU,Germany,1993,26.2,26.200001,26.200001
DEU,Germany,2000,26.4,26.4,26.4
DEU,Germany,2001,27,27,27
DEU,Germany,2008,28.7,28.700001,28.700001
DEU,Germany,1990,25.6,25.6,25.6
DEU,Germany,1992,26.3,26.299999,26.299999
DEU,Germany,2002,28,28,28
DEU,Germany,2003,28.2,28.200001,28.200001
DEU,Germany,1985,25.1,25.1,25.1
GHA,Ghana,1997,32.7,,32.700001
GHA,Ghana,1993,33.8,,33.799999
GHA,Ghana,1998,43.4,,43.400002
GHA,Ghana,1987,38.1,,38.099998
GHA,Ghana,1992,35.2,,35.200001
GHA,Ghana,1989,46.2,,46.200001
GHA,Ghana,1988,35.99,35.990002,35.990002
GHA,Ghana,1991,38.44,38.439999,38.439999
GHA,Ghana,2005,42.77,42.77,42.77
GRC,Greece,1994,34.5,,34.5
GRC,Greece,1986,34.5,,34.5
GRC,Greece,2000,33,33,33
GRC,Greece,2012,34.3,34.299999,34.299999
GRC,Greece,2005,33.2,33.200001,33.200001
GRC,Greece,2001,33,33,33
GRC,Greece,2009,33.1,33.099998,33.099998
GRC,Greece,2007,34.3,34.299999,34.299999
GRC,Greece,2006,34.3,34.299999,34.299999
GRC,Greece,2014,34.5,34.5,34.5
GRC,Greece,2003,34.7,34.700001,34.700001
GRC,Greece,2004,33,33,33
GRC,Greece,2008,33.4,33.400002,33.400002
GRC,Greece,1997,35,35,35
GRC,Greece,2010,32.9,32.900002,32.900002
GRC,Greece,1996,34,34,34
GRC,Greece,2013,34.4,34.400002,34.400002
GRC,Greece,1995,35,35,35
GRC,Greece,2015,34.2,34.200001,34.200001
GRC,Greece,1999,34,34,34
GRC,Greece,1998,35,35,35
GTM,Guatemala,2003,53.8,,53.799999
GTM,Guatemala,2000,54.8,,54.799999
GTM,Guatemala,2004,50.3,,50.299999
GTM,Guatemala,2006,58.5,58.5,58.5
GTM,Guatemala,2002,54.2,54.200001,54.200001
GTM,Guatemala,1989,58.2,58.200001,58.200001
GTM,Guatemala,1998,56,56,56
GIN,Guinea,1991,48.6,,48.599998
GIN,Guinea,1994,52.6,,52.599998
GIN,Guinea,2012,33.73,33.73,33.73
GIN,Guinea,2002,43,43,43
GIN,Guinea,2007,39.36,39.360001,39.360001
GNB,Guinea-Bissau,2010,50.66,50.66,50.66
GNB,Guinea-Bissau,1993,43.61,43.610001,43.610001
GNB,Guinea-Bissau,2002,35.57,35.57,35.57
HTI,Haiti,2000,50.9,50.900002,50.900002
HTI,Haiti,1987,51.5,51.5,51.5
HND,Honduras,2004,58.1,58.099998,58.099998
HND,Honduras,1995,55.4,55.400002,55.400002
HND,Honduras,2009,51.6,51.599998,51.599998
HND,Honduras,1991,51.7,51.700001,51.700001
HND,Honduras,1998,56.4,56.400002,56.400002
HND,Honduras,1999,54.3,54.299999,54.299999
HND,Honduras,2005,59.3,59.299999,59.299999
HND,Honduras,2003,58.3,58.299999,58.299999
HND,Honduras,2002,57.7,57.700001,57.700001
HND,Honduras,1993,53.3,53.299999,53.299999
HND,Honduras,1997,52.7,52.700001,52.700001
HND,Honduras,1992,51.7,51.700001,51.700001
HND,Honduras,2008,55.6,55.599998,55.599998
HND,Honduras,1996,55.6,55.599998,55.599998
HND,Honduras,2007,56,56,56
HND,Honduras,2001,53.9,53.900002,53.900002
HND,Honduras,2006,57.3,57.299999,57.299999
HND,Honduras,1994,55,55,55
HND,Honduras,2010,53.4,53.400002,53.400002
HUN,Hungary,1982,20.9,,20.9
HUN,Hungary,1987,24.4,,24.4
HUN,Hungary,2008,25.2,,25.200001
HUN,Hungary,1962,25.7,,25.700001
HUN,Hungary,1967,22.7,,22.700001
HUN,Hungary,2010,24.1,,24.1
HUN,Hungary,2015,28.2,,28.200001
HUN,Hungary,2013,28.3,,28.299999
HUN,Hungary,1972,23.6,,23.6
HUN,Hungary,2014,28.6,,28.6
HUN,Hungary,1977,21.4,,21.4
HUN,Hungary,2011,26.9,,26.9
HUN,Hungary,1997,25.4,25.4,25.4
HUN,Hungary,1991,20.9,20.9,20.9
HUN,Hungary,1993,23.1,23.1,23.1
HUN,Hungary,2005,27.9,27.9,27.9
HUN,Hungary,1989,22.5,22.5,22.5
HUN,Hungary,2004,27.4,27.4,27.4
HUN,Hungary,2001,27.2,27.200001,27.200001
HUN,Hungary,1994,23.4,23.4,23.4
HUN,Hungary,1998,25,25,25
HUN,Hungary,2003,26.8,26.799999,26.799999
HUN,Hungary,2000,25.9,25.9,25.9
HUN,Hungary,1995,24.2,24.200001,24.200001
HUN,Hungary,2006,26.2,26.200001,26.200001
HUN,Hungary,1996,24.6,24.6,24.6
HUN,Hungary,1999,25.3,25.299999,25.299999
HUN,Hungary,2002,26.7,26.700001,26.700001
ISL,Iceland,2013,24,,24
ISL,Iceland,2012,24,,24
ISL,Iceland,2015,23.6,,23.6
ISL,Iceland,2014,22.7,,22.700001
ISL,Iceland,2010,24.4,24.4,24.4
ISL,Iceland,2006,28.6,28.6,28.6
ISL,Iceland,2005,26.9,26.9,26.9
ISL,Iceland,2008,30.1,30.1,30.1
ISL,Iceland,2004,25.7,25.700001,25.700001
ISL,Iceland,2007,27.9,27.9,27.9
ISL,Iceland,2009,26.6,26.6,26.6
IND,India,2011,35.15,,35.150002
IND,India,2004,36.8,,36.799999
IND,India,1968,31.9,31.9,31.9
IND,India,1959,34.6,34.599998,34.599998
IND,India,1977,32.1,32.099998,32.099998
IND,India,1960,32.6,32.599998,32.599998
IND,India,1957,35.4,35.400002,35.400002
IND,India,1951,35.6,35.599998,35.599998
IND,India,1965,31.1,31.1,31.1
IND,India,1988,31.1,31.1,31.1
IND,India,1969,31.5,31.5,31.5
IND,India,1983,31.5,31.5,31.5
IND,India,1989,30.5,30.5,30.5
IND,India,1990,29.7,29.700001,29.700001
IND,India,1970,30.4,30.4,30.4
IND,India,1962,32.6,32.599998,32.599998
IND,India,1954,37,37,37
IND,India,1961,33.1,33.099998,33.099998
IND,India,1958,34.5,34.5,34.5
IND,India,1973,31.9,31.9,31.9
IND,India,1986,32.2,32.200001,32.200001
IND,India,1967,30.5,30.5,30.5
IND,India,1964,31,31,31
IND,India,1992,32,32,32
IND,India,1963,30.7,30.700001,30.700001
IND,India,1987,31.8,31.799999,31.799999
IND,India,1955,35,35,35
IND,India,1974,29.2,29.200001,29.200001
IND,India,1991,32.5,32.5,32.5
IND,India,1966,31.1,31.1,31.1
IDN,Indonesia,1981,30.9,,30.9
IDN,Indonesia,2013,39.47,,39.470001
IDN,Indonesia,1984,30.8,,30.799999
IDN,Indonesia,2002,34.3,,34.299999
IDN,Indonesia,1980,31.8,,31.799999
IDN,Indonesia,1970,30.7,,30.700001
IDN,Indonesia,1964,33.3,,33.299999
IDN,Indonesia,1987,32,32,32
IDN,Indonesia,2009,37,37,37
IDN,Indonesia,2010,38,38,38
IDN,Indonesia,1999,30.8,30.799999,30.799999
IDN,Indonesia,1993,34,34,34
IDN,Indonesia,1996,36,36,36
IDN,Indonesia,1990,32,32,32
IRN,Iran,1990,43.6,43.599998,43.599998
IRN,Iran,2005,38.35,38.349998,38.349998
IRN,Iran,1994,43,43,43
IRN,Iran,1998,44.1,44.099998,44.099998
IRN,Iran,2013,37.35,37.349998,37.349998
IRN,Iran,2009,42.02,42.02,42.02
IRN,Iran,1986,47.42,47.419998,47.419998
IRL,Ireland,1994,33.9,,33.900002
IRL,Ireland,1987,32.9,,32.900002
IRL,Ireland,2010,30.7,30.700001,30.700001
IRL,Ireland,2006,31.9,31.9,31.9
IRL,Ireland,1998,34,34,34
IRL,Ireland,2009,28.8,28.799999,28.799999
IRL,Ireland,1999,32,32,32
IRL,Ireland,2005,31.9,31.9,31.9
IRL,Ireland,2012,29.9,29.9,29.9
IRL,Ireland,2013,30,30,30
IRL,Ireland,1995,33,33,33
IRL,Ireland,2001,29,29,29
IRL,Ireland,2004,31.5,31.5,31.5
IRL,Ireland,2000,30,30,30
IRL,Ireland,2014,30.8,30.799999,30.799999
IRL,Ireland,2003,30.6,30.6,30.6
IRL,Ireland,2008,29.9,29.9,29.9
IRL,Ireland,2007,31.3,31.299999,31.299999
IRL,Ireland,1997,33,33,33
IRL,Ireland,1996,33,33,33
ISR,Israel,1992,30.5,,30.5
ISR,Israel,1986,31,,31
ISR,Israel,2007,36.9,,36.900002
ISR,Israel,1997,33.7,,33.700001
ISR,Israel,2012,37.3,,37.299999
ISR,Israel,2001,35,,35
ISR,Israel,1979,30.4,,30.4
ISR,Israel,1995,33.8,33.799999,33.799999
ISR,Israel,2008,37.1,37.099998,37.099998
ISR,Israel,2011,37.7,37.700001,37.700001
ISR,Israel,1985,32.6,32.599998,32.599998
ISR,Israel,2009,37.3,37.299999,37.299999
ISR,Israel,2005,37.8,37.799999,37.799999
ISR,Israel,1990,32.9,32.900002,32.900002
ISR,Israel,2000,34.7,34.700001,34.700001
ISR,Israel,2010,37.6,37.599998,37.599998
ITA,Italy,1987,32.7,,32.700001
ITA,Italy,2015,32.4,,32.400002
ITA,Italy,1993,33.7,,33.700001
ITA,Italy,2012,32.4,,32.400002
ITA,Italy,2006,32.1,,32.099998
ITA,Italy,2001,29,,29
ITA,Italy,1998,34.7,,34.700001
ITA,Italy,2007,32,,32
ITA,Italy,1997,31,,31
ITA,Italy,2005,32.8,,32.799999
ITA,Italy,1996,32,,32
ITA,Italy,2014,32.4,,32.400002
ITA,Italy,1999,30,,30
ITA,Italy,2002,33.3,,33.299999
ITA,Italy,1989,30,,30
ITA,Italy,2013,32.8,,32.799999
ITA,Italy,2009,31.2,31.200001,31.200001
ITA,Italy,1984,28.7,28.700001,28.700001
ITA,Italy,2004,33,33,33
ITA,Italy,1991,27.5,27.5,27.5
ITA,Italy,2000,32.1,32.099998,32.099998
ITA,Italy,2010,31.9,31.9,31.9
ITA,Italy,1995,32.6,32.599998,32.599998
ITA,Italy,2008,31.5,31.5,31.5
JAM,Jamaica,1996,67.59999999999999,67.599998,67.599998
JAM,Jamaica,1990,57.9,57.900002,57.900002
JAM,Jamaica,2002,59.9,59.900002,59.900002
JAM,Jamaica,2001,62.3,62.299999,62.299999
JAM,Jamaica,1999,55.9,55.900002,55.900002
JPN,Japan,1992,31.1,,31.1
JPN,Japan,1989,31.2,,31.200001
JPN,Japan,1998,31.9,,31.9
JPN,Japan,1986,29.3,,29.299999
JPN,Japan,2009,33.6,33.599998,33.599998
JPN,Japan,1985,30.4,30.4,30.4
JPN,Japan,2000,33.7,33.700001,33.700001
JPN,Japan,1995,32.3,32.299999,32.299999
JPN,Japan,2003,32.1,32.099998,32.099998
JPN,Japan,2006,32.9,32.900002,32.900002
JOR,Jordan,1997,36.4,36.400002,36.400002
JOR,Jordan,1992,40,40,40
KAZ,Kazakhstan,2002,34.05,34.049999,34.049999
KAZ,Kazakhstan,2003,32.99,32.990002,32.990002
KAZ,Kazakhstan,2006,29.98,29.98,29.98
KAZ,Kazakhstan,2009,28.79,28.790001,28.790001
KAZ,Kazakhstan,2008,29.07,29.07,29.07
KAZ,Kazakhstan,2005,29.65,29.65,29.65
KAZ,Kazakhstan,2012,27.46,27.459999,27.459999
KAZ,Kazakhstan,2010,28.56,28.559999,28.559999
KAZ,Kazakhstan,2004,31.42,31.42,31.42
KAZ,Kazakhstan,2001,35.39,35.389999,35.389999
KAZ,Kazakhstan,2013,26.33,26.33,26.33
KAZ,Kazakhstan,2007,28.54,28.540001,28.540001
KSV,Kosovo,2003,28.95,28.950001,28.950001
KSV,Kosovo,2006,30.32,30.32,30.32
KSV,Kosovo,2012,29.4,29.4,29.4
KSV,Kosovo,2009,31.78,31.780001,31.780001
KSV,Kosovo,2013,26.71,26.709999,26.709999
KSV,Kosovo,2011,27.83,27.83,27.83
KSV,Kosovo,2010,33.25,33.25,33.25
KSV,Kosovo,2005,31.24,31.24,31.24
KGZ,Kyrgyzstan,1996,48.9,,48.900002
KGZ,Kyrgyzstan,1997,38.9,,38.900002
KGZ,Kyrgyzstan,2005,39.3,39.299999,39.299999
KGZ,Kyrgyzstan,2002,38.2,38.200001,38.200001
KGZ,Kyrgyzstan,2006,39.7,39.700001,39.700001
KGZ,Kyrgyzstan,2004,38,38,38
KGZ,Kyrgyzstan,2001,37.7,37.700001,37.700001
KGZ,Kyrgyzstan,2000,41.4,41.400002,41.400002
KGZ,Kyrgyzstan,1998,41.1,41.099998,41.099998
KGZ,Kyrgyzstan,1999,39.9,39.900002,39.900002
KGZ,Kyrgyzstan,2003,34.2,34.200001,34.200001
LAO,Laos,2012,37.89,37.889999,37.889999
LAO,Laos,1992,34.31,34.310001,34.310001
LAO,Laos,2007,36.64,36.639999,36.639999
LAO,Laos,2002,34.66,34.66,34.66
LAO,Laos,1997,34.9,34.900002,34.900002
LVA,Latvia,2009,37.5,,37.5
LVA,Latvia,2015,35.4,,35.400002
LVA,Latvia,2011,35.1,,35.099998
LVA,Latvia,2010,35.9,,35.900002
LVA,Latvia,2012,35.7,,35.700001
LVA,Latvia,2006,38.9,,38.900002
LVA,Latvia,2005,36.2,,36.200001
LVA,Latvia,2008,37.5,,37.5
LVA,Latvia,2013,35.2,,35.200001
LVA,Latvia,2014,35.5,,35.5
LVA,Latvia,2007,35.4,,35.400002
LVA,Latvia,1998,33,33,33
LVA,Latvia,2002,35.8,35.799999,35.799999
LVA,Latvia,2003,37.9,37.900002,37.900002
LVA,Latvia,2004,39.1,39.099998,39.099998
LVA,Latvia,1997,32.6,32.599998,32.599998
LVA,Latvia,1999,33,33,33
LVA,Latvia,2000,32.7,32.700001,32.700001
LSO,Lesotho,1986,56,,56
LSO,Lesotho,1993,57.9,,57.900002
LSO,Lesotho,2002,51.57,51.57,51.57
LSO,Lesotho,2010,54.18,54.18,54.18
LSO,Lesotho,1994,63.24,63.240002,63.240002
LTU,Lithuania,2007,33.8,,33.799999
LTU,Lithuania,2014,35,,35
LTU,Lithuania,2011,33,,33
LTU,Lithuania,2006,35,,35
LTU,Lithuania,2010,37,,37
LTU,Lithuania,2012,32,,32
LTU,Lithuania,2015,37.9,,37.900002
LTU,Lithuania,2013,34.6,,34.599998
LTU,Lithuania,2008,34.5,,34.5
LTU,Lithuania,2009,35.9,,35.900002
LTU,Lithuania,2005,36.3,,36.299999
LTU,Lithuania,2001,35.4,35.400002,35.400002
LTU,Lithuania,1997,30.9,30.9,30.9
LTU,Lithuania,2004,30.9,30.9,30.9
LTU,Lithuania,1999,34.3,34.299999,34.299999
LTU,Lithuania,2002,35.7,35.700001,35.700001
LTU,Lithuania,1998,33.2,33.200001,33.200001
LTU,Lithuania,2003,31.8,31.799999,31.799999
LTU,Lithuania,2000,35.5,35.5,35.5
LUX,Luxembourg,1994,23.5,,23.5
LUX,Luxembourg,1985,23.6,,23.6
LUX,Luxembourg,1991,23.9,,23.9
LUX,Luxembourg,1998,26,26,26
LUX,Luxembourg,2004,26.5,26.5,26.5
LUX,Luxembourg,2010,27.9,27.9,27.9
LUX,Luxembourg,2005,26.5,26.5,26.5
LUX,Luxembourg,2007,27.4,27.4,27.4
LUX,Luxembourg,2003,27.6,27.6,27.6
LUX,Luxembourg,2000,26,26,26
LUX,Luxembourg,1997,25,25,25
LUX,Luxembourg,2008,27.7,27.700001,27.700001
LUX,Luxembourg,2001,27,27,27
LUX,Luxembourg,2009,29.2,29.200001,29.200001
LUX,Luxembourg,2006,27.8,27.799999,27.799999
LUX,Luxembourg,1995,29,29,29
LUX,Luxembourg,2015,28.5,28.5,28.5
LUX,Luxembourg,2012,28,28,28
LUX,Luxembourg,2014,28.7,28.700001,28.700001
LUX,Luxembourg,1996,28,28,28
LUX,Luxembourg,1999,27,27,27
MKD,Macedonia,2006,39.4,39.400002,39.400002
MKD,Macedonia,1997,29.5,29.5,29.5
MKD,Macedonia,2005,39.1,39.099998,39.099998
MKD,Macedonia,1995,29.5,29.5,29.5
MKD,Macedonia,1994,27.3,27.299999,27.299999
MKD,Macedonia,2004,36.2,36.200001,36.200001
MKD,Macedonia,1990,34.9,34.900002,34.900002
MKD,Macedonia,1996,31.1,31.1,31.1
MKD,Macedonia,1989,32.2,32.200001,32.200001
MKD,Macedonia,2003,32.4,32.400002,32.400002
MKD,Macedonia,1999,30.8,30.799999,30.799999
MKD,Macedonia,2000,34.6,34.599998,34.599998
MKD,Macedonia,2007,38.5,38.5,38.5
MKD,Macedonia,2008,37.3,37.299999,37.299999
MKD,Macedonia,2002,33.2,33.200001,33.200001
MKD,Macedonia,2001,33.4,33.400002,33.400002
MDG,Madagascar,1993,46.4,,46.400002
MDG,Madagascar,1999,40.2,,40.200001
MDG,Madagascar,1997,40.6,,40.599998
MDG,Madagascar,2010,40.63,40.630001,40.630001
MDG,Madagascar,2012,42.65,42.650002,42.650002
MDG,Madagascar,2005,38.88,38.880001,38.880001
MDG,Madagascar,2001,47.44,47.439999,47.439999
MWI,Malawi,2011,45.2,,45.200001
MWI,Malawi,2006,39,,39
MWI,Malawi,1997,65.76000000000001,65.760002,65.760002
MWI,Malawi,2010,46.12,46.119999,46.119999
MWI,Malawi,2004,39.87,39.869999,39.869999
MLI,Mali,2006,38.93,38.93,38.93
MLI,Mali,2001,39.87,39.869999,39.869999
MLI,Mali,2009,33.04,33.040001,33.040001
MLT,Malta,2015,28.1,28.1,28.1
MLT,Malta,2005,27,27,27
MLT,Malta,2000,30,30,30
MLT,Malta,2007,26.3,26.299999,26.299999
MLT,Malta,2009,27.4,27.4,27.4
MLT,Malta,2013,27.9,27.9,27.9
MLT,Malta,2014,27.7,27.700001,27.700001
MLT,Malta,2012,27.1,27.1,27.1
MLT,Malta,2008,28.1,28.1,28.1
MLT,Malta,2006,27.1,27.1,27.1
MLT,Malta,2011,27.2,27.200001,27.200001
MLT,Malta,2010,28.6,28.6,28.6
MRT,Mauritania,1995,37.75,37.75,37.75
MRT,Mauritania,2000,39.03,39.029999,39.029999
MRT,Mauritania,2014,32.42,32.419998,32.419998
MRT,Mauritania,1993,50.05,50.049999,50.049999
MRT,Mauritania,2008,35.69,35.689999,35.689999
MRT,Mauritania,2004,40.17,40.169998,40.169998
MEX,Mexico,2002,51,51,51
MEX,Mexico,2010,47.2,47.200001,47.200001
MEX,Mexico,2004,50.7,50.700001,50.700001
MEX,Mexico,2005,50.9,50.900002,50.900002
MEX,Mexico,1989,51.2,51.200001,51.200001
MEX,Mexico,1992,53.5,53.5,53.5
MEX,Mexico,1996,54.3,54.299999,54.299999
MEX,Mexico,2008,50.2,50.200001,50.200001
MEX,Mexico,2000,53.6,53.599998,53.599998
MEX,Mexico,1998,53.1,53.099998,53.099998
MEX,Mexico,2006,49.5,49.5,49.5
MEX,Mexico,1994,54.1,54.099998,54.099998
MDA,Moldova,1997,46.4,46.400002,46.400002
MDA,Moldova,2005,43,43,43
MDA,Moldova,2002,43.6,43.599998,43.599998
MDA,Moldova,2003,41.1,41.099998,41.099998
MDA,Moldova,2004,42.2,42.200001,42.200001
MDA,Moldova,2006,38.5,38.5,38.5
MDA,Moldova,2001,43.5,43.5,43.5
MDA,Moldova,2000,43.7,43.700001,43.700001
MNG,Mongolia,1998,30.27,30.27,30.27
MNG,Mongolia,1995,33.2,33.200001,33.200001
MNG,Mongolia,2012,33.75,33.75,33.75
MNG,Mongolia,2014,32.04,32.040001,32.040001
MNG,Mongolia,2010,33.08,33.080002,33.080002
MNG,Mongolia,2007,35.82,35.82,35.82
MNG,Mongolia,2011,33.88,33.880001,33.880001
MNG,Mongolia,2002,32.89,32.889999,32.889999
MNE,Montenegro,2007,31.45,31.450001,31.450001
MNE,Montenegro,2009,31.01,31.01,31.01
MNE,Montenegro,2005,30.22,30.219999,30.219999
MNE,Montenegro,2008,30.49,30.49,30.49
MNE,Montenegro,2006,30.04,30.040001,30.040001
MNE,Montenegro,2011,30.82,30.82,30.82
MNE,Montenegro,2013,32.33,32.330002,32.330002
MNE,Montenegro,2010,28.89,28.889999,28.889999
MNE,Montenegro,2012,32.18,32.18,32.18
MNE,Montenegro,2014,31.93,31.93,31.93
MAR,Morocco,1985,39.2,,39.200001
MAR,Morocco,1991,39.2,,39.200001
MAR,Morocco,2000,40.64,40.639999,40.639999
MAR,Morocco,1984,39.19,39.189999,39.189999
MAR,Morocco,1990,39.2,39.200001,39.200001
MAR,Morocco,1998,39.46,39.459999,39.459999
MAR,Morocco,2006,40.72,40.720001,40.720001
MOZ,Mozambique,2008,45.58,45.580002,45.580002
MOZ,Mozambique,1996,44.41,44.41,44.41
MOZ,Mozambique,2002,47.04,47.040001,47.040001
NAM,Namibia,2003,63.32,63.32,63.32
NAM,Namibia,2009,60.97,60.970001,60.970001
NPL,Nepal,1995,35.21,35.209999,35.209999
NPL,Nepal,2010,32.84,32.84,32.84
NPL,Nepal,2003,43.77,43.77,43.77
NLD,Netherlands,1983,25.2,,25.200001
NLD,Netherlands,1991,25.6,,25.6
NLD,Netherlands,2004,26.7,,26.700001
NLD,Netherlands,1981,24.5,,24.5
NLD,Netherlands,1992,25.5,,25.5
NLD,Netherlands,1994,25.5,,25.5
NLD,Netherlands,1987,23.6,,23.6
NLD,Netherlands,1977,23.5,,23.5
NLD,Netherlands,2006,26.4,26.4,26.4
NLD,Netherlands,1999,26,26,26
NLD,Netherlands,2001,26,26,26
NLD,Netherlands,1997,26,26,26
NLD,Netherlands,2007,27.6,27.6,27.6
NLD,Netherlands,2005,26.9,26.9,26.9
NLD,Netherlands,1996,29,29,29
NLD,Netherlands,2003,27,27,27
NLD,Netherlands,2002,27,27,27
NLD,Netherlands,2014,26.2,26.200001,26.200001
NLD,Netherlands,2008,27.6,27.6,27.6
NLD,Netherlands,1995,29,29,29
NLD,Netherlands,2009,27.2,27.200001,27.200001
NLD,Netherlands,2011,25.8,25.799999,25.799999
NLD,Netherlands,1998,25,25,25
NLD,Netherlands,2015,26.4,26.4,26.4
NLD,Netherlands,2010,25.5,25.5,25.5
NLD,Netherlands,2000,25,25,25
NZL,New Zealand,1989,29,,29
NZL,New Zealand,1992,31.6,,31.6
NZL,New Zealand,2001,33.9,,33.900002
NZL,New Zealand,1986,27,,27
NZL,New Zealand,2004,33.5,,33.5
NZL,New Zealand,1998,33.8,,33.799999
NZL,New Zealand,1985,27.1,27.1,27.1
NZL,New Zealand,2003,33.5,33.5,33.5
NZL,New Zealand,1995,33.5,33.5,33.5
NZL,New Zealand,1990,31.8,31.799999,31.799999
NZL,New Zealand,2000,33.9,33.900002,33.900002
NZL,New Zealand,2008,33,33,33
NZL,New Zealand,2009,31.7,31.700001,31.700001
NIC,Nicaragua,1998,54.2,54.200001,54.200001
NIC,Nicaragua,1993,56.4,56.400002,56.400002
NIC,Nicaragua,2005,51.1,51.099998,51.099998
NIC,Nicaragua,2001,58,58,58
NIC,Nicaragua,2009,45.7,45.700001,45.700001
NER,Niger,2014,33.99,33.990002,33.990002
NER,Niger,2007,37.3,37.299999,37.299999
NER,Niger,1992,36.1,36.099998,36.099998
NER,Niger,1994,41.53,41.529999,41.529999
NER,Niger,2005,44.43,44.43,44.43
NER,Niger,2011,31.45,31.450001,31.450001
NGA,Nigeria,2003,40.06,,40.060001
NGA,Nigeria,2009,42.97,,42.970001
NGA,Nigeria,1992,46.7,46.700001,46.700001
NGA,Nigeria,1996,47.3,47.299999,47.299999
NGA,Nigeria,1985,48.8,48.799999,48.799999
NGA,Nigeria,1980,44.4,44.400002,44.400002
NOR,Norway,1982,23.4,,23.4
NOR,Norway,1999,27.3,,27.299999
NOR,Norway,2006,29.2,,29.200001
NOR,Norway,2014,23.5,,23.5
NOR,Norway,1988,23.9,,23.9
NOR,Norway,2001,26.7,,26.700001
NOR,Norway,1986,24.5,,24.5
NOR,Norway,2005,28.2,,28.200001
NOR,Norway,1992,26,,26
NOR,Norway,1990,25.2,,25.200001
NOR,Norway,2002,29.6,,29.6
NOR,Norway,1997,28.1,,28.1
NOR,Norway,2015,23.9,,23.9
NOR,Norway,1998,27.2,,27.200001
NOR,Norway,1994,27.9,,27.9
NOR,Norway,2000,28.9,,28.9
NOR,Norway,2003,26.6,,26.6
NOR,Norway,2012,22.5,,22.5
NOR,Norway,1970,30.5,,30.5
NOR,Norway,1976,31.9,,31.9
NOR,Norway,1996,27.8,,27.799999
NOR,Norway,1989,24.4,,24.4
NOR,Norway,1973,34.8,,34.799999
NOR,Norway,2004,27.6,27.6,27.6
NOR,Norway,2010,24.9,24.9,24.9
NOR,Norway,2008,25,25,25
NOR,Norway,1995,24.3,24.299999,24.299999
NOR,Norway,2009,24.5,24.5,24.5
PAK,Pakistan,1991,33.2,,33.200001
PAK,Pakistan,1993,34.2,,34.200001
PAK,Pakistan,2010,29.8,29.799999,29.799999
PAK,Pakistan,2011,30.93,30.93,30.93
PAK,Pakistan,1998,33.12,33.119999,33.119999
PAK,Pakistan,2013,30.69,30.690001,30.690001
PAK,Pakistan,1987,33.32,33.32,33.32
PAK,Pakistan,2007,31.84,31.84,31.84
PAK,Pakistan,2001,30.37,30.370001,30.370001
PAK,Pakistan,2004,32.51,32.509998,32.509998
PAK,Pakistan,2005,32.72,32.720001,32.720001
PAN,Panama,2010,52.8,52.799999,52.799999
PAN,Panama,2001,55.5,55.5,55.5
PAN,Panama,2009,52.6,52.599998,52.599998
PAN,Panama,2002,56.7,56.700001,56.700001
PAN,Panama,2006,54,54,54
PAN,Panama,2008,52.4,52.400002,52.400002
PAN,Panama,2004,54.1,54.099998,54.099998
PAN,Panama,2005,52.9,52.900002,52.900002
PAN,Panama,2003,56.3,56.299999,56.299999
PAN,Panama,2007,52.4,52.400002,52.400002
PNG,Papua New Guinea,2009,43.88,43.880001,43.880001
PNG,Papua New Guinea,1996,55.43,55.43,55.43
PRY,Paraguay,2006,53.6,53.599998,53.599998
PRY,Paraguay,2009,49.6,49.599998,49.599998
PRY,Paraguay,2002,57.3,57.299999,57.299999
PRY,Paraguay,2001,54.7,54.700001,54.700001
PRY,Paraguay,2010,51.8,51.799999,51.799999
PRY,Paraguay,2005,51.3,51.299999,51.299999
PRY,Paraguay,2003,55.5,55.5,55.5
PRY,Paraguay,1997,54.8,54.799999,54.799999
PRY,Paraguay,2008,51,51,51
PRY,Paraguay,2007,52.1,52.099998,52.099998
PRY,Paraguay,1995,57.9,57.900002,57.900002
PRY,Paraguay,2004,52.5,52.5,52.5
PRY,Paraguay,1999,54.5,54.5,54.5
PER,Peru,1994,48.3,,48.299999
PER,Peru,1991,46.4,,46.400002
PER,Peru,2001,51.8,51.799999,51.799999
PER,Peru,2010,46.2,46.200001,46.200001
PER,Peru,2003,51.5,51.5,51.5
PER,Peru,2000,50.8,50.799999,50.799999
PER,Peru,2007,51.4,51.400002,51.400002
PER,Peru,2006,51.7,51.700001,51.700001
PER,Peru,2004,51.2,51.200001,51.200001
PER,Peru,1998,56.1,56.099998,56.099998
PER,Peru,2005,51.8,51.799999,51.799999
PER,Peru,2002,54,54,54
PER,Peru,1997,53.7,53.700001,53.700001
PER,Peru,2008,48.5,48.5,48.5
PER,Peru,2009,48,48,48
PER,Peru,1999,56.3,56.299999,56.299999
PHL,Philippines,1994,42.7,,42.700001
PHL,Philippines,1991,42.5,,42.5
PHL,Philippines,1997,42.7,,42.700001
PHL,Philippines,2006,44.2,44.200001,44.200001
PHL,Philippines,1988,40.75,40.75,40.75
PHL,Philippines,1985,41.04,41.040001,41.040001
PHL,Philippines,2009,42.91,42.91,42.91
PHL,Philippines,2000,46.17,46.169998,46.169998
PHL,Philippines,2003,44.04,44.040001,44.040001
PHL,Philippines,2012,43.04,43.040001,43.040001
POL,Poland,2015,30.6,,30.6
POL,Poland,2014,30.8,,30.799999
POL,Poland,2012,30.9,,30.9
POL,Poland,1997,33.4,33.400002,33.400002
POL,Poland,1996,32.8,32.799999,32.799999
POL,Poland,2001,34.1,34.099998,34.099998
POL,Poland,1994,32.3,32.299999,32.299999
POL,Poland,1989,27.5,27.5,27.5
POL,Poland,1998,32.6,32.599998,32.599998
POL,Poland,2000,34.5,34.5,34.5
POL,Poland,1993,31.7,31.700001,31.700001
POL,Poland,2004,36.6,36.599998,36.599998
POL,Poland,1992,27.4,27.4,27.4
POL,Poland,1999,33.4,33.400002,33.400002
POL,Poland,2003,35.6,35.599998,35.599998
POL,Poland,2002,35.3,35.299999,35.299999
POL,Poland,1990,26.8,26.799999,26.799999
POL,Poland,1995,32.1,32.099998,32.099998
POL,Poland,2005,36.6,36.599998,36.599998
POL,Poland,1991,26.5,26.5,26.5
PRT,Portugal,1980,32,,32
PRT,Portugal,2009,33.9,,33.900002
PRT,Portugal,2007,36.1,,36.099998
PRT,Portugal,2005,37.3,,37.299999
PRT,Portugal,1990,31,,31
PRT,Portugal,2004,37.8,,37.799999
PRT,Portugal,2010,34.4,,34.400002
PRT,Portugal,2008,35.3,,35.299999
PRT,Portugal,2006,36.9,,36.900002
PRT,Portugal,1997,36,36,36
PRT,Portugal,2001,37,37,37
PRT,Portugal,1998,37,37,37
PRT,Portugal,1995,37,37,37
PRT,Portugal,2012,34.5,34.5,34.5
PRT,Portugal,1996,36,36,36
PRT,Portugal,2000,36,36,36
PRT,Portugal,1999,36,36,36
PRT,Portugal,2015,34,34,34
PRT,Portugal,2014,34.5,34.5,34.5
PRT,Portugal,2013,34.2,34.200001,34.200001
ROU,Romania,1990,22.9,,22.9
ROU,Romania,1991,24.3,,24.299999
ROU,Romania,1997,28.4,,28.4
ROU,Romania,1995,28.7,,28.700001
ROU,Romania,2015,37.4,37.400002,37.400002
ROU,Romania,2007,38.3,38.299999,38.299999
ROU,Romania,2009,34.5,34.5,34.5
ROU,Romania,2005,31,31,31
ROU,Romania,2003,30,30,30
ROU,Romania,2010,33.5,33.5,33.5
ROU,Romania,2014,35,35,35
ROU,Romania,2004,31,31,31
ROU,Romania,2013,34.6,34.599998,34.599998
ROU,Romania,2012,34,34,34
ROU,Romania,2011,33.5,33.5,33.5
ROU,Romania,2008,35.9,35.900002,35.900002
RUS,Russia,2013,33.7,33.700001,33.700001
RUS,Russia,2007,35,35,35
RUS,Russia,2010,34.2,34.200001,34.200001
RUS,Russia,2000,42.1,42.099998,42.099998
RUS,Russia,2004,38.8,38.799999,38.799999
RWA,Rwanda,2013,50.44,50.439999,50.439999
RWA,Rwanda,1984,28.9,28.9,28.9
RWA,Rwanda,2000,48.55,48.549999,48.549999
RWA,Rwanda,2005,52.04,52.040001,52.040001
RWA,Rwanda,2010,51.34,51.34,51.34
STP,Sao Tome and Principe,2000,32.13,32.130001,32.130001
STP,Sao Tome and Principe,2010,30.82,30.82,30.82
SEN,Senegal,2011,40.29,40.290001,40.290001
SEN,Senegal,2001,41.23,41.23,41.23
SEN,Senegal,1994,41.44,41.439999,41.439999
SEN,Senegal,1991,54.14,54.139999,54.139999
SEN,Senegal,2005,39.22,39.220001,39.220001
SRB,Serbia,2015,38.2,,38.200001
SRB,Serbia,2014,38.6,,38.599998
SRB,Serbia,2004,39.3,39.299999,39.299999
SRB,Serbia,2006,38.8,38.799999,38.799999
SRB,Serbia,2003,40.3,40.299999,40.299999
SRB,Serbia,2007,36.5,36.5,36.5
SRB,Serbia,2005,39.3,39.299999,39.299999
SRB,Serbia,2008,34.5,34.5,34.5
SCG,Serbia and Montenegro,1999,27.3,27.299999,27.299999
SCG,Serbia and Montenegro,2001,37.8,37.799999,37.799999
SCG,Serbia and Montenegro,2000,37.3,37.299999,37.299999
SCG,Serbia and Montenegro,1998,28.9,28.9,28.9
SCG,Serbia and Montenegro,1997,29.4,29.4,29.4
SLE,Sierra Leone,2011,33.99,33.990002,33.990002
SLE,Sierra Leone,2003,40.17,40.169998,40.169998
SVK,Slovakia,1989,18.3,,18.299999
SVK,Slovakia,2014,26.1,,26.1
SVK,Slovakia,2012,25.3,,25.299999
SVK,Slovakia,1990,18,,18
SVK,Slovakia,2013,24.2,,24.200001
SVK,Slovakia,1993,18.3,,18.299999
SVK,Slovakia,1992,18.9,,18.9
SVK,Slovakia,1991,18,,18
SVK,Slovakia,2015,23.7,,23.700001
SVK,Slovakia,1988,19.5,,19.5
SVK,Slovakia,1999,24.9,24.9,24.9
SVK,Slovakia,2006,24.2,24.200001,24.200001
SVK,Slovakia,2008,22.7,22.700001,22.700001
SVK,Slovakia,1997,24.9,24.9,24.9
SVK,Slovakia,2001,26.3,26.299999,26.299999
SVK,Slovakia,1996,23.7,23.700001,23.700001
SVK,Slovakia,2005,26,26,26
SVK,Slovakia,2002,26.7,26.700001,26.700001
SVK,Slovakia,2003,29.9,29.9,29.9
SVK,Slovakia,1998,26.2,26.200001,26.200001
SVK,Slovakia,2007,24.2,24.200001,24.200001
SVK,Slovakia,2000,26.4,26.4,26.4
SVK,Slovakia,2004,25.4,25.4,25.4
SVN,Slovenia,1998,22.3,,22.299999
SVN,Slovenia,1994,24.6,,24.6
SVN,Slovenia,1997,22.2,,22.200001
SVN,Slovenia,1999,22.5,,22.5
SVN,Slovenia,1996,25.2,,25.200001
SVN,Slovenia,1987,21.5,,21.5
SVN,Slovenia,1992,25.9,,25.9
SVN,Slovenia,1995,26.4,,26.4
SVN,Slovenia,1991,26.5,,26.5
SVN,Slovenia,1993,25.1,,25.1
SVN,Slovenia,2001,22,,22
SVN,Slovenia,2000,22.3,,22.299999
SVN,Slovenia,2002,21.9,,21.9
SVN,Slovenia,2014,25,25,25
SVN,Slovenia,2010,23.8,23.799999,23.799999
SVN,Slovenia,2005,23.8,23.799999,23.799999
SVN,Slovenia,2008,23.4,23.4,23.4
SVN,Slovenia,2015,24.5,24.5,24.5
SVN,Slovenia,2013,24.4,24.4,24.4
SVN,Slovenia,2007,23.2,23.200001,23.200001
SVN,Slovenia,2003,22,22,22
SVN,Slovenia,2006,23.7,23.700001,23.700001
SVN,Slovenia,2009,22.7,22.700001,22.700001
ZAF,South Africa,1996,60.69,60.689999,60.689999
ZAF,South Africa,2006,64.79000000000001,64.790001,64.790001
ZAF,South Africa,2011,63.38,63.380001,63.380001
ZAF,South Africa,2008,63.01,63.009998,63.009998
ZAF,South Africa,1993,59.33,59.330002,59.330002
ZAF,South Africa,2000,57.77,57.77,57.77
ESP,Spain,1980,31,,31
ESP,Spain,1990,29.3,,29.299999
ESP,Spain,2008,32.4,32.400002,32.400002
ESP,Spain,1996,34,34,34
ESP,Spain,2001,33,33,33
ESP,Spain,2015,34.6,34.599998,34.599998
ESP,Spain,2006,31.9,31.9,31.9
ESP,Spain,2014,34.7,34.700001,34.700001
ESP,Spain,2009,32.9,32.900002,32.900002
ESP,Spain,1998,34,34,34
ESP,Spain,2000,32,32,32
ESP,Spain,1997,35,35,35
ESP,Spain,1999,33,33,33
ESP,Spain,1995,34,34,34
ESP,Spain,2007,31.9,31.9,31.9
ESP,Spain,2003,31,31,31
ESP,Spain,2002,31,31,31
ESP,Spain,2012,34.2,34.200001,34.200001
ESP,Spain,2010,33.5,33.5,33.5
ESP,Spain,2004,31,31,31
ESP,Spain,2005,32.2,32.200001,32.200001
LKA,Sri Lanka,2000,27.6,,27.6
LKA,Sri Lanka,1991,32.4,,32.400002
LKA,Sri Lanka,1986,34.4,,34.400002
LKA,Sri Lanka,1996,36.7,,36.700001
LKA,Sri Lanka,2009,36.39,36.389999,36.389999
LKA,Sri Lanka,1985,32.47,32.470001,32.470001
LKA,Sri Lanka,2012,39.16,39.16,39.16
LKA,Sri Lanka,1990,32.45,32.450001,32.450001
LKA,Sri Lanka,2002,40.96,40.959999,40.959999
LKA,Sri Lanka,2006,40.25,40.25,40.25
LKA,Sri Lanka,1995,35.4,35.400002,35.400002
SWZ,Swaziland,1994,60.45,60.450001,60.450001
SWZ,Swaziland,2009,51.45,51.450001,51.450001
SWZ,Swaziland,2000,53.11,53.110001,53.110001
SWE,Sweden,1994,28.8,,28.799999
SWE,Sweden,1993,25.7,,25.700001
SWE,Sweden,2014,25.4,,25.4
SWE,Sweden,1999,26.1,,26.1
SWE,Sweden,2002,25.8,,25.799999
SWE,Sweden,2013,24.9,,24.9
SWE,Sweden,2001,26.3,,26.299999
SWE,Sweden,2007,23.4,,23.4
SWE,Sweden,1976,20.9,,20.9
SWE,Sweden,2012,24.8,,24.799999
SWE,Sweden,1997,25.4,,25.4
SWE,Sweden,2015,25.2,,25.200001
SWE,Sweden,2003,25.4,,25.4
SWE,Sweden,1977,20.4,,20.4
SWE,Sweden,1998,24.2,,24.200001
SWE,Sweden,2006,24,,24
SWE,Sweden,1988,20.4,20.4,20.4
SWE,Sweden,1980,19.4,19.4,19.4
SWE,Sweden,1986,21.4,21.4,21.4
SWE,Sweden,1981,19.1,19.1,19.1
SWE,Sweden,1990,21.9,21.9,21.9
SWE,Sweden,1984,20.4,20.4,20.4
SWE,Sweden,1987,20.5,20.5,20.5
SWE,Sweden,1982,19.4,19.4,19.4
SWE,Sweden,1989,21,21,21
SWE,Sweden,1983,19.4,19.4,19.4
SWE,Sweden,1985,20.5,20.5,20.5
CHE,Switzerland,2010,29.6,,29.6
CHE,Switzerland,2013,28.5,,28.5
CHE,Switzerland,2007,30.4,,30.4
CHE,Switzerland,2008,31.1,,31.1
CHE,Switzerland,2014,29.5,,29.5
CHE,Switzerland,2012,28.8,,28.799999
CHE,Switzerland,2002,27.3,27.299999,27.299999
CHE,Switzerland,2004,26.8,26.799999,26.799999
CHE,Switzerland,1992,31.7,31.700001,31.700001
CHE,Switzerland,2000,28.5,28.5,28.5
CHE,Switzerland,1982,32,32,32
TWN,Taiwan,1995,28.4,28.4,28.4
TWN,Taiwan,1986,27.1,27.1,27.1
TWN,Taiwan,2010,31.7,31.700001,31.700001
TWN,Taiwan,2005,30.5,30.5,30.5
TWN,Taiwan,1997,28.7,28.700001,28.700001
TWN,Taiwan,1981,26.7,26.700001,26.700001
TWN,Taiwan,2013,30.8,30.799999,30.799999
TWN,Taiwan,2007,30.7,30.700001,30.700001
TWN,Taiwan,2000,28.9,28.9,28.9
TWN,Taiwan,1991,27.2,27.200001,27.200001
TJK,Tajikistan,2009,30.77,30.77,30.77
TJK,Tajikistan,2014,30.76,30.76,30.76
TJK,Tajikistan,2004,33.6,33.599998,33.599998
TJK,Tajikistan,2013,30.41,30.41,30.41
TJK,Tajikistan,2012,30.52,30.52,30.52
TJK,Tajikistan,2007,32.19,32.189999,32.189999
TJK,Tajikistan,2003,32.72,32.720001,32.720001
TJK,Tajikistan,1999,29.54,29.540001,29.540001
TZA,Tanzania,1992,34,,34
TZA,Tanzania,2001,35,,35
TZA,Tanzania,2011,37.78,37.779999,37.779999
TZA,Tanzania,2007,40.28,40.279999,40.279999
TZA,Tanzania,1991,35.29,35.290001,35.290001
TZA,Tanzania,2000,37.3,37.299999,37.299999
THA,Thailand,2013,37.85,,37.849998
THA,Thailand,2008,40.29,,40.290001
THA,Thailand,2002,41.94,,41.939999
THA,Thailand,2000,42.83,,42.830002
THA,Thailand,2010,39.4,,39.400002
THA,Thailand,2004,42.54,,42.540001
THA,Thailand,2006,41.82,,41.82
THA,Thailand,2009,39.75,,39.75
THA,Thailand,2011,37.46,,37.459999
THA,Thailand,2012,39.26,,39.259998
THA,Thailand,2007,39.76,,39.759998
THA,Thailand,1986,42.7,42.700001,42.700001
THA,Thailand,1999,42.3,42.299999,42.299999
THA,Thailand,1981,40.2,40.200001,40.200001
THA,Thailand,1994,43.2,43.200001,43.200001
THA,Thailand,1998,43.2,43.200001,43.200001
THA,Thailand,1988,41.7,41.700001,41.700001
THA,Thailand,1990,45.2,45.200001,45.200001
THA,Thailand,1996,43.3,43.299999,43.299999
THA,Thailand,1992,42.7,42.700001,42.700001
TUN,Tunisia,2010,35.81,35.810001,35.810001
TUN,Tunisia,2000,40.81,40.810001,40.810001
TUN,Tunisia,1995,41.66,41.66,41.66
TUN,Tunisia,1985,43.43,43.43,43.43
TUN,Tunisia,2005,37.73,37.73,37.73
TUN,Tunisia,1990,40.24,40.240002,40.240002
TUR,Turkey,2007,43.2,43.200001,43.200001
TUR,Turkey,2008,43,43,43
TUR,Turkey,2002,46,46,46
TUR,Turkey,2012,42.8,42.799999,42.799999
TUR,Turkey,2009,44.2,44.200001,44.200001
TUR,Turkey,2006,44.9,44.900002,44.900002
TUR,Turkey,2013,42.1,42.099998,42.099998
TUR,Turkey,2010,43.5,43.5,43.5
TUR,Turkey,2003,45,45,45
UGA,Uganda,1996,39.04,39.040001,39.040001
UGA,Uganda,2009,44.2,44.200001,44.200001
UGA,Uganda,1989,44.36,44.360001,44.360001
UGA,Uganda,2012,41.01,41.009998,41.009998
UGA,Uganda,2005,42.94,42.939999,42.939999
UGA,Uganda,1999,43,43,43
UGA,Uganda,2002,45.17,45.169998,45.169998
UKR,Ukraine,2007,27.01,27.01,27.01
UKR,Ukraine,2009,25.32,25.32,25.32
UKR,Ukraine,1996,35.16,35.16,35.16
UKR,Ukraine,2005,29.02,29.02,29.02
UKR,Ukraine,2004,28.93,28.93,28.93
UKR,Ukraine,2008,26.64,26.639999,26.639999
UKR,Ukraine,2006,29.79,29.790001,29.790001
UKR,Ukraine,2002,29.05,29.049999,29.049999
UKR,Ukraine,2003,28.66,28.66,28.66
UKR,Ukraine,2010,24.82,24.82,24.82
UKR,Ukraine,2012,24.74,24.74,24.74
UKR,Ukraine,2011,24.55,24.549999,24.549999
UKR,Ukraine,2014,24.09,24.09,24.09
UKR,Ukraine,2013,24.55,24.549999,24.549999
GBR,United Kingdom,2015,32.4,,32.400002
GBR,United Kingdom,2012,31.3,,31.299999
GBR,United Kingdom,2014,31.6,,31.6
GBR,United Kingdom,1994,32.9,32.900002,32.900002
GBR,United Kingdom,1971,26.2,26.200001,26.200001
GBR,United Kingdom,1989,32.2,32.200001,32.200001
GBR,United Kingdom,1987,30.1,30.1,30.1
GBR,United Kingdom,2000,34.8,34.799999,34.799999
GBR,United Kingdom,1996,33.1,33.099998,33.099998
GBR,United Kingdom,1998,34.5,34.5,34.5
GBR,United Kingdom,1970,25.4,25.4,25.4
GBR,United Kingdom,1992,33.9,33.900002,33.900002
GBR,United Kingdom,1981,25.8,25.799999,25.799999
GBR,United Kingdom,1995,33,33,33
GBR,United Kingdom,1988,31.8,31.799999,31.799999
GBR,United Kingdom,1968,24.4,24.4,24.4
GBR,United Kingdom,1961,25.7,25.700001,25.700001
GBR,United Kingdom,1978,23.4,23.4,23.4
GBR,United Kingdom,2001,34.6,34.599998,34.599998
GBR,United Kingdom,2002,34.4,34.400002,34.400002
GBR,United Kingdom,1973,25.4,25.4,25.4
GBR,United Kingdom,1982,25.7,25.700001,25.700001
GBR,United Kingdom,1991,33.7,33.700001,33.700001
GBR,United Kingdom,1965,24.6,24.6,24.6
GBR,United Kingdom,1977,23.4,23.4,23.4
GBR,United Kingdom,1997,33.8,33.799999,33.799999
GBR,United Kingdom,1962,24.2,24.200001,24.200001
GBR,United Kingdom,1980,25.3,25.299999,25.299999
GBR,United Kingdom,1983,26.3,26.299999,26.299999
GBR,United Kingdom,1972,26.5,26.5,26.5
GBR,United Kingdom,1984,26.5,26.5,26.5
GBR,United Kingdom,1999,34.2,34.200001,34.200001
GBR,United Kingdom,1966,25.7,25.700001,25.700001
GBR,United Kingdom,1975,23.8,23.799999,23.799999
GBR,United Kingdom,1964,25.8,25.799999,25.799999
GBR,United Kingdom,1976,23.7,23.700001,23.700001
GBR,United Kingdom,1963,26.6,26.6,26.6
GBR,United Kingdom,1986,28.5,28.5,28.5
GBR,United Kingdom,1993,33.8,33.799999,33.799999
GBR,United Kingdom,1967,24.6,24.6,24.6
GBR,United Kingdom,1990,33.6,33.599998,33.599998
GBR,United Kingdom,1985,27.8,27.799999,27.799999
USA,United States,2013,37.9,,37.900002
USA,United States,1979,31,,31
USA,United States,2007,37.6,37.599998,37.599998
USA,United States,1995,36.1,36.099998,36.099998
USA,United States,1998,35.7,35.700001,35.700001
USA,United States,1987,34,34,34
USA,United States,1999,35.4,35.400002,35.400002
USA,United States,1993,36.9,36.900002,36.900002
USA,United States,1991,34.6,34.599998,34.599998
USA,United States,2004,36,36,36
USA,United States,2010,38,38,38
USA,United States,2006,38.4,38.400002,38.400002
USA,United States,2001,36,36,36
USA,United States,1983,33.6,33.599998,33.599998
USA,United States,1988,34.4,34.400002,34.400002
USA,United States,1986,33.9,33.900002,33.900002
USA,United States,1990,34.9,34.900002,34.900002
USA,United States,1989,34.8,34.799999,34.799999
USA,United States,1984,33.7,33.700001,33.700001
USA,United States,1985,34,34,34
USA,United States,1992,35.2,35.200001,35.200001
USA,United States,2002,37.6,37.599998,37.599998
USA,United States,1996,36.3,36.299999,36.299999
USA,United States,2011,38.9,38.900002,38.900002
USA,United States,2008,37.8,37.799999,37.799999
USA,United States,2012,38.9,38.900002,38.900002
USA,United States,2000,35.7,35.700001,35.700001
USA,United States,2005,38,38,38
USA,United States,1997,36.4,36.400002,36.400002
USA,United States,2003,37.4,37.400002,37.400002
USA,United States,1994,36.6,36.599998,36.599998
URY,Uruguay,2006,47.2,47.200001,47.200001
URY,Uruguay,2010,45.3,45.299999,45.299999
URY,Uruguay,2009,46.3,46.299999,46.299999
URY,Uruguay,2008,46.3,46.299999,46.299999
URY,Uruguay,2007,47.6,47.599998,47.599998
VEN,Venezuela,1995,46.4,,46.400002
VEN,Venezuela,2003,46,,46
VEN,Venezuela,1989,42.4,,42.400002
VEN,Venezuela,1998,47,,47
VEN,Venezuela,2009,41.6,41.599998,41.599998
VEN,Venezuela,1994,48.6,48.599998,48.599998
VEN,Venezuela,2007,42.7,42.700001,42.700001
VEN,Venezuela,2000,46.8,46.799999,46.799999
VEN,Venezuela,2001,48.6,48.599998,48.599998
VEN,Venezuela,2008,41.2,41.200001,41.200001
VEN,Venezuela,2012,40.5,40.5,40.5
VEN,Venezuela,2004,47,47,47
VEN,Venezuela,1992,47.1,47.099998,47.099998
VEN,Venezuela,2010,39.4,39.400002,39.400002
VEN,Venezuela,1990,47.1,47.099998,47.099998
VEN,Venezuela,2005,49,49,49
VEN,Venezuela,1999,49.8,49.799999,49.799999
VEN,Venezuela,1997,50.7,50.700001,50.700001
VEN,Venezuela,2013,40.7,40.700001,40.700001
VEN,Venezuela,2011,39.7,39.700001,39.700001
VEN,Venezuela,2006,44.7,44.700001,44.700001
VEN,Venezuela,2002,50,50,50
VNM,Vietnam,2014,37.59,37.59,37.59
VNM,Vietnam,2010,42.68,42.68,42.68
VNM,Vietnam,1998,35.44,35.439999,35.439999
VNM,Vietnam,2002,37.32,37.32,37.32
VNM,Vietnam,2004,37.17,37.169998,37.169998
VNM,Vietnam,2008,38.15,38.150002,38.150002
VNM,Vietnam,2006,37.44,37.439999,37.439999
VNM,Vietnam,1992,35.65,35.650002,35.650002
ZMB,Zambia,1993,51.2,,51.200001
ZMB,Zambia,1996,51.9,,51.900002
ZMB,Zambia,1991,60.5,,60.5
ZMB,Zambia,1998,54.6,,54.599998
ZMB,Zambia,2004,54.29,54.290001,54.290001
ZMB,Zambia,2002,42.06,42.060001,42.060001
ZMB,Zambia,2010,55.62000000000001,55.619999,55.619999
ZMB,Zambia,2006,54.62000000000001,54.619999,54.619999
