region,variable,unit,period,value
CAZ,SSP1,$ 2005 PPP / capita,2015,38842.26867
CAZ,SSP1,$ 2005 PPP / capita,2020,41729.4432
CAZ,SSP1,$ 2005 PPP / capita,2025,43987.07591
CAZ,SSP1,$ 2005 PPP / capita,2030,46414.43867
CAZ,SSP1,$ 2005 PPP / capita,2035,49406.91694
CAZ,SSP1,$ 2005 PPP / capita,2040,52656.56069
CAZ,SSP1,$ 2005 PPP / capita,2045,56007.85252
CAZ,SSP1,$ 2005 PPP / capita,2050,59169.96309
CAZ,SSP1,$ 2005 PPP / capita,2055,62449.91051
CAZ,SSP1,$ 2005 PPP / capita,2060,66057.82451
CAZ,SSP1,$ 2005 PPP / capita,2065,70146.09068
CAZ,SSP1,$ 2005 PPP / capita,2070,74599.41662
CAZ,SSP1,$ 2005 PPP / capita,2075,79156.52128
CAZ,SSP1,$ 2005 PPP / capita,2080,83931.22535
CAZ,SSP1,$ 2005 PPP / capita,2085,88961.85663
CAZ,SSP1,$ 2005 PPP / capita,2090,94352.32305
CAZ,SSP1,$ 2005 PPP / capita,2095,100185.2229
CAZ,SSP1,$ 2005 PPP / capita,2100,106427.336
CAZ,SSP2,$ 2005 PPP / capita,2015,38842.26867
CAZ,SSP2,$ 2005 PPP / capita,2020,41689.21156
CAZ,SSP2,$ 2005 PPP / capita,2025,43973.36694
CAZ,SSP2,$ 2005 PPP / capita,2030,46185.68362
CAZ,SSP2,$ 2005 PPP / capita,2035,48588.28745
CAZ,SSP2,$ 2005 PPP / capita,2040,51162.8043
CAZ,SSP2,$ 2005 PPP / capita,2045,53791.41279
CAZ,SSP2,$ 2005 PPP / capita,2050,56258.21201
CAZ,SSP2,$ 2005 PPP / capita,2055,58880.37381
CAZ,SSP2,$ 2005 PPP / capita,2060,61858.50021
CAZ,SSP2,$ 2005 PPP / capita,2065,65350.01277
CAZ,SSP2,$ 2005 PPP / capita,2070,69230.05158
CAZ,SSP2,$ 2005 PPP / capita,2075,73287.20469
CAZ,SSP2,$ 2005 PPP / capita,2080,77574.94262
CAZ,SSP2,$ 2005 PPP / capita,2085,82058.51946
CAZ,SSP2,$ 2005 PPP / capita,2090,86863.04131
CAZ,SSP2,$ 2005 PPP / capita,2095,92177.22552
CAZ,SSP2,$ 2005 PPP / capita,2100,98046.15861
CAZ,SSP3,$ 2005 PPP / capita,2015,38842.26867
CAZ,SSP3,$ 2005 PPP / capita,2020,41698.29434
CAZ,SSP3,$ 2005 PPP / capita,2025,44015.34496
CAZ,SSP3,$ 2005 PPP / capita,2030,46258.11911
CAZ,SSP3,$ 2005 PPP / capita,2035,48792.08593
CAZ,SSP3,$ 2005 PPP / capita,2040,51596.20592
CAZ,SSP3,$ 2005 PPP / capita,2045,54411.26338
CAZ,SSP3,$ 2005 PPP / capita,2050,56884.43922
CAZ,SSP3,$ 2005 PPP / capita,2055,59268.843
CAZ,SSP3,$ 2005 PPP / capita,2060,61788.46534
CAZ,SSP3,$ 2005 PPP / capita,2065,64591.92218
CAZ,SSP3,$ 2005 PPP / capita,2070,67500.18877
CAZ,SSP3,$ 2005 PPP / capita,2075,70308.19748
CAZ,SSP3,$ 2005 PPP / capita,2080,73201.16946
CAZ,SSP3,$ 2005 PPP / capita,2085,76194.19675
CAZ,SSP3,$ 2005 PPP / capita,2090,79470.99329
CAZ,SSP3,$ 2005 PPP / capita,2095,83150.35108
CAZ,SSP3,$ 2005 PPP / capita,2100,87147.5338
CAZ,SSP4,$ 2005 PPP / capita,2015,38842.26867
CAZ,SSP4,$ 2005 PPP / capita,2020,41732.26231
CAZ,SSP4,$ 2005 PPP / capita,2025,44331.11562
CAZ,SSP4,$ 2005 PPP / capita,2030,47410.69206
CAZ,SSP4,$ 2005 PPP / capita,2035,51167.37367
CAZ,SSP4,$ 2005 PPP / capita,2040,55159.3201
CAZ,SSP4,$ 2005 PPP / capita,2045,59221.33074
CAZ,SSP4,$ 2005 PPP / capita,2050,63118.09445
CAZ,SSP4,$ 2005 PPP / capita,2055,67153.95087
CAZ,SSP4,$ 2005 PPP / capita,2060,71617.78483
CAZ,SSP4,$ 2005 PPP / capita,2065,76648.55982
CAZ,SSP4,$ 2005 PPP / capita,2070,82047.1151
CAZ,SSP4,$ 2005 PPP / capita,2075,87551.58442
CAZ,SSP4,$ 2005 PPP / capita,2080,93369.45708
CAZ,SSP4,$ 2005 PPP / capita,2085,99432.64481
CAZ,SSP4,$ 2005 PPP / capita,2090,105904.9388
CAZ,SSP4,$ 2005 PPP / capita,2095,113025.2875
CAZ,SSP4,$ 2005 PPP / capita,2100,120727.1489
CAZ,SSP5,$ 2005 PPP / capita,2015,38842.26867
CAZ,SSP5,$ 2005 PPP / capita,2020,41727.83736
CAZ,SSP5,$ 2005 PPP / capita,2025,44584.9565
CAZ,SSP5,$ 2005 PPP / capita,2030,48619.63379
CAZ,SSP5,$ 2005 PPP / capita,2035,54051.72855
CAZ,SSP5,$ 2005 PPP / capita,2040,60105.24612
CAZ,SSP5,$ 2005 PPP / capita,2045,66412.22813
CAZ,SSP5,$ 2005 PPP / capita,2050,72527.09889
CAZ,SSP5,$ 2005 PPP / capita,2055,78829.97762
CAZ,SSP5,$ 2005 PPP / capita,2060,85659.13253
CAZ,SSP5,$ 2005 PPP / capita,2065,93386.98717
CAZ,SSP5,$ 2005 PPP / capita,2070,102071.6133
CAZ,SSP5,$ 2005 PPP / capita,2075,111480.6364
CAZ,SSP5,$ 2005 PPP / capita,2080,121565.461
CAZ,SSP5,$ 2005 PPP / capita,2085,132478.9015
CAZ,SSP5,$ 2005 PPP / capita,2090,144424.6901
CAZ,SSP5,$ 2005 PPP / capita,2095,157604.1634
CAZ,SSP5,$ 2005 PPP / capita,2100,172194.4082
CAZ,cornucopia,$ 2005 PPP / capita,2015,38842.26867
CAZ,cornucopia,$ 2005 PPP / capita,2020,41729.4432
CAZ,cornucopia,$ 2005 PPP / capita,2025,43987.07591
CAZ,cornucopia,$ 2005 PPP / capita,2030,46414.43867
CAZ,cornucopia,$ 2005 PPP / capita,2035,49406.91694
CAZ,cornucopia,$ 2005 PPP / capita,2040,52656.56069
CAZ,cornucopia,$ 2005 PPP / capita,2045,56007.85252
CAZ,cornucopia,$ 2005 PPP / capita,2050,59169.96309
CAZ,cornucopia,$ 2005 PPP / capita,2055,62449.91051
CAZ,cornucopia,$ 2005 PPP / capita,2060,66057.82451
CAZ,cornucopia,$ 2005 PPP / capita,2065,70146.09068
CAZ,cornucopia,$ 2005 PPP / capita,2070,74599.41662
CAZ,cornucopia,$ 2005 PPP / capita,2075,79156.52128
CAZ,cornucopia,$ 2005 PPP / capita,2080,83931.22535
CAZ,cornucopia,$ 2005 PPP / capita,2085,88961.85663
CAZ,cornucopia,$ 2005 PPP / capita,2090,94352.32305
CAZ,cornucopia,$ 2005 PPP / capita,2095,100185.2229
CAZ,cornucopia,$ 2005 PPP / capita,2100,106427.336
CAZ,HumServEcon,$ 2005 PPP / capita,2015,38842.26867
CAZ,HumServEcon,$ 2005 PPP / capita,2020,41729.4432
CAZ,HumServEcon,$ 2005 PPP / capita,2025,42846.36494
CAZ,HumServEcon,$ 2005 PPP / capita,2030,44015.87236
CAZ,HumServEcon,$ 2005 PPP / capita,2035,45417.06063
CAZ,HumServEcon,$ 2005 PPP / capita,2040,46891.6427
CAZ,HumServEcon,$ 2005 PPP / capita,2045,48365.42372
CAZ,HumServEcon,$ 2005 PPP / capita,2050,49715.74319
CAZ,HumServEcon,$ 2005 PPP / capita,2055,51078.81334
CAZ,HumServEcon,$ 2005 PPP / capita,2060,52537.72619
CAZ,HumServEcon,$ 2005 PPP / capita,2065,54143.96128
CAZ,HumServEcon,$ 2005 PPP / capita,2070,55841.50842
CAZ,HumServEcon,$ 2005 PPP / capita,2075,57526.89688
CAZ,HumServEcon,$ 2005 PPP / capita,2080,59241.57905
CAZ,HumServEcon,$ 2005 PPP / capita,2085,60996.30846
CAZ,HumServEcon,$ 2005 PPP / capita,2090,62822.54211
CAZ,HumServEcon,$ 2005 PPP / capita,2095,64741.10509
CAZ,HumServEcon,$ 2005 PPP / capita,2100,66733.59688
CAZ,NewPubEcon,$ 2005 PPP / capita,2015,38842.26867
CAZ,NewPubEcon,$ 2005 PPP / capita,2020,41729.4432
CAZ,NewPubEcon,$ 2005 PPP / capita,2025,43223.9401
CAZ,NewPubEcon,$ 2005 PPP / capita,2030,44007.65576
CAZ,NewPubEcon,$ 2005 PPP / capita,2035,44007.65576
CAZ,NewPubEcon,$ 2005 PPP / capita,2040,44007.65576
CAZ,NewPubEcon,$ 2005 PPP / capita,2045,44007.65576
CAZ,NewPubEcon,$ 2005 PPP / capita,2050,44007.65576
CAZ,NewPubEcon,$ 2005 PPP / capita,2055,44007.65576
CAZ,NewPubEcon,$ 2005 PPP / capita,2060,44007.65576
CAZ,NewPubEcon,$ 2005 PPP / capita,2065,44007.65576
CAZ,NewPubEcon,$ 2005 PPP / capita,2070,44007.65576
CAZ,NewPubEcon,$ 2005 PPP / capita,2075,44007.65576
CAZ,NewPubEcon,$ 2005 PPP / capita,2080,44007.65576
CAZ,NewPubEcon,$ 2005 PPP / capita,2085,44007.65576
CAZ,NewPubEcon,$ 2005 PPP / capita,2090,44007.65576
CAZ,NewPubEcon,$ 2005 PPP / capita,2095,44007.65576
CAZ,NewPubEcon,$ 2005 PPP / capita,2100,44007.65576
CHA,SSP1,$ 2005 PPP / capita,2015,10893.69816
CHA,SSP1,$ 2005 PPP / capita,2020,15730.22278
CHA,SSP1,$ 2005 PPP / capita,2025,21775.56862
CHA,SSP1,$ 2005 PPP / capita,2030,28826.32345
CHA,SSP1,$ 2005 PPP / capita,2035,36299.10127
CHA,SSP1,$ 2005 PPP / capita,2040,43562.01285
CHA,SSP1,$ 2005 PPP / capita,2045,50440.39115
CHA,SSP1,$ 2005 PPP / capita,2050,56470.36763
CHA,SSP1,$ 2005 PPP / capita,2055,61458.24928
CHA,SSP1,$ 2005 PPP / capita,2060,66016.08221
CHA,SSP1,$ 2005 PPP / capita,2065,70232.04528
CHA,SSP1,$ 2005 PPP / capita,2070,74059.66695
CHA,SSP1,$ 2005 PPP / capita,2075,77369.45064
CHA,SSP1,$ 2005 PPP / capita,2080,80724.08115
CHA,SSP1,$ 2005 PPP / capita,2085,84012.92351
CHA,SSP1,$ 2005 PPP / capita,2090,87412.78083
CHA,SSP1,$ 2005 PPP / capita,2095,91062.76068
CHA,SSP1,$ 2005 PPP / capita,2100,95013.63048
CHA,SSP2,$ 2005 PPP / capita,2015,10893.69816
CHA,SSP2,$ 2005 PPP / capita,2020,15527.62612
CHA,SSP2,$ 2005 PPP / capita,2025,20422.28139
CHA,SSP2,$ 2005 PPP / capita,2030,25076.06227
CHA,SSP2,$ 2005 PPP / capita,2035,29275.31399
CHA,SSP2,$ 2005 PPP / capita,2040,33375.50239
CHA,SSP2,$ 2005 PPP / capita,2045,37446.34705
CHA,SSP2,$ 2005 PPP / capita,2050,41262.27499
CHA,SSP2,$ 2005 PPP / capita,2055,44765.3776
CHA,SSP2,$ 2005 PPP / capita,2060,48363.93536
CHA,SSP2,$ 2005 PPP / capita,2065,52069.45048
CHA,SSP2,$ 2005 PPP / capita,2070,55817.61414
CHA,SSP2,$ 2005 PPP / capita,2075,59512.4307
CHA,SSP2,$ 2005 PPP / capita,2080,63359.81485
CHA,SSP2,$ 2005 PPP / capita,2085,67213.86712
CHA,SSP2,$ 2005 PPP / capita,2090,71103.19997
CHA,SSP2,$ 2005 PPP / capita,2095,74992.50014
CHA,SSP2,$ 2005 PPP / capita,2100,78890.03494
CHA,SSP3,$ 2005 PPP / capita,2015,10893.69816
CHA,SSP3,$ 2005 PPP / capita,2020,15411.60737
CHA,SSP3,$ 2005 PPP / capita,2025,19627.18181
CHA,SSP3,$ 2005 PPP / capita,2030,22941.06046
CHA,SSP3,$ 2005 PPP / capita,2035,25240.40633
CHA,SSP3,$ 2005 PPP / capita,2040,27175.54252
CHA,SSP3,$ 2005 PPP / capita,2045,28848.638
CHA,SSP3,$ 2005 PPP / capita,2050,30107.9747
CHA,SSP3,$ 2005 PPP / capita,2055,31032.55141
CHA,SSP3,$ 2005 PPP / capita,2060,31963.23604
CHA,SSP3,$ 2005 PPP / capita,2065,32907.9077
CHA,SSP3,$ 2005 PPP / capita,2070,33829.67783
CHA,SSP3,$ 2005 PPP / capita,2075,34667.1379
CHA,SSP3,$ 2005 PPP / capita,2080,35440.43735
CHA,SSP3,$ 2005 PPP / capita,2085,36036.16025
CHA,SSP3,$ 2005 PPP / capita,2090,36495.53771
CHA,SSP3,$ 2005 PPP / capita,2095,36851.09635
CHA,SSP3,$ 2005 PPP / capita,2100,37167.02706
CHA,SSP4,$ 2005 PPP / capita,2015,10893.69816
CHA,SSP4,$ 2005 PPP / capita,2020,15551.20724
CHA,SSP4,$ 2005 PPP / capita,2025,20577.19569
CHA,SSP4,$ 2005 PPP / capita,2030,25616.26852
CHA,SSP4,$ 2005 PPP / capita,2035,30311.43267
CHA,SSP4,$ 2005 PPP / capita,2040,34900.403
CHA,SSP4,$ 2005 PPP / capita,2045,39418.48696
CHA,SSP4,$ 2005 PPP / capita,2050,43617.15896
CHA,SSP4,$ 2005 PPP / capita,2055,47420.39005
CHA,SSP4,$ 2005 PPP / capita,2060,51335.66556
CHA,SSP4,$ 2005 PPP / capita,2065,55304.63551
CHA,SSP4,$ 2005 PPP / capita,2070,59229.41015
CHA,SSP4,$ 2005 PPP / capita,2075,63009.71945
CHA,SSP4,$ 2005 PPP / capita,2080,67046.27701
CHA,SSP4,$ 2005 PPP / capita,2085,71182.41066
CHA,SSP4,$ 2005 PPP / capita,2090,75505.043
CHA,SSP4,$ 2005 PPP / capita,2095,79990.55008
CHA,SSP4,$ 2005 PPP / capita,2100,84547.40011
CHA,SSP5,$ 2005 PPP / capita,2015,10893.69816
CHA,SSP5,$ 2005 PPP / capita,2020,15902.94889
CHA,SSP5,$ 2005 PPP / capita,2025,22981.62774
CHA,SSP5,$ 2005 PPP / capita,2030,32071.6088
CHA,SSP5,$ 2005 PPP / capita,2035,42194.94969
CHA,SSP5,$ 2005 PPP / capita,2040,52118.30073
CHA,SSP5,$ 2005 PPP / capita,2045,61658.81075
CHA,SSP5,$ 2005 PPP / capita,2050,70329.08924
CHA,SSP5,$ 2005 PPP / capita,2055,77995.98618
CHA,SSP5,$ 2005 PPP / capita,2060,85516.17672
CHA,SSP5,$ 2005 PPP / capita,2065,93032.91303
CHA,SSP5,$ 2005 PPP / capita,2070,100465.9715
CHA,SSP5,$ 2005 PPP / capita,2075,107646.6768
CHA,SSP5,$ 2005 PPP / capita,2080,115356.7449
CHA,SSP5,$ 2005 PPP / capita,2085,123463.1764
CHA,SSP5,$ 2005 PPP / capita,2090,132244.4523
CHA,SSP5,$ 2005 PPP / capita,2095,141951.5752
CHA,SSP5,$ 2005 PPP / capita,2100,152715.1973
CHA,cornucopia,$ 2005 PPP / capita,2015,10893.69816
CHA,cornucopia,$ 2005 PPP / capita,2020,15730.22278
CHA,cornucopia,$ 2005 PPP / capita,2025,21775.56862
CHA,cornucopia,$ 2005 PPP / capita,2030,28826.32345
CHA,cornucopia,$ 2005 PPP / capita,2035,36299.10127
CHA,cornucopia,$ 2005 PPP / capita,2040,43562.01285
CHA,cornucopia,$ 2005 PPP / capita,2045,50440.39115
CHA,cornucopia,$ 2005 PPP / capita,2050,56470.36763
CHA,cornucopia,$ 2005 PPP / capita,2055,61458.24928
CHA,cornucopia,$ 2005 PPP / capita,2060,66016.08221
CHA,cornucopia,$ 2005 PPP / capita,2065,70232.04528
CHA,cornucopia,$ 2005 PPP / capita,2070,74059.66695
CHA,cornucopia,$ 2005 PPP / capita,2075,77369.45064
CHA,cornucopia,$ 2005 PPP / capita,2080,80724.08115
CHA,cornucopia,$ 2005 PPP / capita,2085,84012.92351
CHA,cornucopia,$ 2005 PPP / capita,2090,87412.78083
CHA,cornucopia,$ 2005 PPP / capita,2095,91062.76068
CHA,cornucopia,$ 2005 PPP / capita,2100,95013.63048
CHA,HumServEcon,$ 2005 PPP / capita,2015,10893.69816
CHA,HumServEcon,$ 2005 PPP / capita,2020,15730.22278
CHA,HumServEcon,$ 2005 PPP / capita,2025,20114.65863
CHA,HumServEcon,$ 2005 PPP / capita,2030,24860.63206
CHA,HumServEcon,$ 2005 PPP / capita,2035,29581.58575
CHA,HumServEcon,$ 2005 PPP / capita,2040,33939.0549
CHA,HumServEcon,$ 2005 PPP / capita,2045,37898.91616
CHA,HumServEcon,$ 2005 PPP / capita,2050,41258.35076
CHA,HumServEcon,$ 2005 PPP / capita,2055,43968.30412
CHA,HumServEcon,$ 2005 PPP / capita,2060,46396.31235
CHA,HumServEcon,$ 2005 PPP / capita,2065,48604.75776
CHA,HumServEcon,$ 2005 PPP / capita,2070,50580.89416
CHA,HumServEcon,$ 2005 PPP / capita,2075,52268.84027
CHA,HumServEcon,$ 2005 PPP / capita,2080,53961.33823
CHA,HumServEcon,$ 2005 PPP / capita,2085,55603.60127
CHA,HumServEcon,$ 2005 PPP / capita,2090,57284.52917
CHA,HumServEcon,$ 2005 PPP / capita,2095,59071.14144
CHA,HumServEcon,$ 2005 PPP / capita,2100,60985.11624
CHA,NewPubEcon,$ 2005 PPP / capita,2015,10893.69816
CHA,NewPubEcon,$ 2005 PPP / capita,2020,15730.22278
CHA,NewPubEcon,$ 2005 PPP / capita,2025,20813.58461
CHA,NewPubEcon,$ 2005 PPP / capita,2030,25471.3943
CHA,NewPubEcon,$ 2005 PPP / capita,2035,29095.13082
CHA,NewPubEcon,$ 2005 PPP / capita,2040,31486.38197
CHA,NewPubEcon,$ 2005 PPP / capita,2045,32847.75014
CHA,NewPubEcon,$ 2005 PPP / capita,2050,33387.18708
CHA,NewPubEcon,$ 2005 PPP / capita,2055,33387.18708
CHA,NewPubEcon,$ 2005 PPP / capita,2060,33387.18708
CHA,NewPubEcon,$ 2005 PPP / capita,2065,33387.18708
CHA,NewPubEcon,$ 2005 PPP / capita,2070,33387.18708
CHA,NewPubEcon,$ 2005 PPP / capita,2075,33387.18708
CHA,NewPubEcon,$ 2005 PPP / capita,2080,33387.18708
CHA,NewPubEcon,$ 2005 PPP / capita,2085,33387.18708
CHA,NewPubEcon,$ 2005 PPP / capita,2090,33387.18708
CHA,NewPubEcon,$ 2005 PPP / capita,2095,33387.18708
CHA,NewPubEcon,$ 2005 PPP / capita,2100,33387.18708
EUR,SSP1,$ 2005 PPP / capita,2015,30608.27319
EUR,SSP1,$ 2005 PPP / capita,2020,32930.2073
EUR,SSP1,$ 2005 PPP / capita,2025,35417.34354
EUR,SSP1,$ 2005 PPP / capita,2030,38354.25146
EUR,SSP1,$ 2005 PPP / capita,2035,41716.69223
EUR,SSP1,$ 2005 PPP / capita,2040,45248.84599
EUR,SSP1,$ 2005 PPP / capita,2045,48718.5706
EUR,SSP1,$ 2005 PPP / capita,2050,52053.99583
EUR,SSP1,$ 2005 PPP / capita,2055,55622.96301
EUR,SSP1,$ 2005 PPP / capita,2060,59498.06696
EUR,SSP1,$ 2005 PPP / capita,2065,63719.31536
EUR,SSP1,$ 2005 PPP / capita,2070,68125.50612
EUR,SSP1,$ 2005 PPP / capita,2075,72596.30811
EUR,SSP1,$ 2005 PPP / capita,2080,77231.75513
EUR,SSP1,$ 2005 PPP / capita,2085,82134.84962
EUR,SSP1,$ 2005 PPP / capita,2090,87397.52644
EUR,SSP1,$ 2005 PPP / capita,2095,93024.09391
EUR,SSP1,$ 2005 PPP / capita,2100,98959.52427
EUR,SSP2,$ 2005 PPP / capita,2015,30608.27319
EUR,SSP2,$ 2005 PPP / capita,2020,32881.62111
EUR,SSP2,$ 2005 PPP / capita,2025,35085.41044
EUR,SSP2,$ 2005 PPP / capita,2030,37402.54919
EUR,SSP2,$ 2005 PPP / capita,2035,39931.2737
EUR,SSP2,$ 2005 PPP / capita,2040,42729.30759
EUR,SSP2,$ 2005 PPP / capita,2045,45655.06012
EUR,SSP2,$ 2005 PPP / capita,2050,48673.87844
EUR,SSP2,$ 2005 PPP / capita,2055,52091.33168
EUR,SSP2,$ 2005 PPP / capita,2060,55916.87819
EUR,SSP2,$ 2005 PPP / capita,2065,60137.24517
EUR,SSP2,$ 2005 PPP / capita,2070,64578.46681
EUR,SSP2,$ 2005 PPP / capita,2075,69106.61725
EUR,SSP2,$ 2005 PPP / capita,2080,73793.26944
EUR,SSP2,$ 2005 PPP / capita,2085,78657.97493
EUR,SSP2,$ 2005 PPP / capita,2090,83791.33154
EUR,SSP2,$ 2005 PPP / capita,2095,89256.5311
EUR,SSP2,$ 2005 PPP / capita,2100,95101.9458
EUR,SSP3,$ 2005 PPP / capita,2015,30608.27319
EUR,SSP3,$ 2005 PPP / capita,2020,32806.43106
EUR,SSP3,$ 2005 PPP / capita,2025,34811.35558
EUR,SSP3,$ 2005 PPP / capita,2030,36695.47191
EUR,SSP3,$ 2005 PPP / capita,2035,38473.00204
EUR,SSP3,$ 2005 PPP / capita,2040,40266.72451
EUR,SSP3,$ 2005 PPP / capita,2045,41954.50599
EUR,SSP3,$ 2005 PPP / capita,2050,43548.28197
EUR,SSP3,$ 2005 PPP / capita,2055,45383.80376
EUR,SSP3,$ 2005 PPP / capita,2060,47485.63804
EUR,SSP3,$ 2005 PPP / capita,2065,49796.10345
EUR,SSP3,$ 2005 PPP / capita,2070,52071.36237
EUR,SSP3,$ 2005 PPP / capita,2075,54171.80495
EUR,SSP3,$ 2005 PPP / capita,2080,56242.82872
EUR,SSP3,$ 2005 PPP / capita,2085,58305.52683
EUR,SSP3,$ 2005 PPP / capita,2090,60485.53086
EUR,SSP3,$ 2005 PPP / capita,2095,62852.2027
EUR,SSP3,$ 2005 PPP / capita,2100,65310.00864
EUR,SSP4,$ 2005 PPP / capita,2015,30608.27319
EUR,SSP4,$ 2005 PPP / capita,2020,32921.76216
EUR,SSP4,$ 2005 PPP / capita,2025,35481.40356
EUR,SSP4,$ 2005 PPP / capita,2030,38513.23345
EUR,SSP4,$ 2005 PPP / capita,2035,41926.40056
EUR,SSP4,$ 2005 PPP / capita,2040,45527.41397
EUR,SSP4,$ 2005 PPP / capita,2045,49167.66426
EUR,SSP4,$ 2005 PPP / capita,2050,52853.00338
EUR,SSP4,$ 2005 PPP / capita,2055,56911.78153
EUR,SSP4,$ 2005 PPP / capita,2060,61417.89416
EUR,SSP4,$ 2005 PPP / capita,2065,66328.39972
EUR,SSP4,$ 2005 PPP / capita,2070,71382.78023
EUR,SSP4,$ 2005 PPP / capita,2075,76428.85854
EUR,SSP4,$ 2005 PPP / capita,2080,81681.94605
EUR,SSP4,$ 2005 PPP / capita,2085,87162.86737
EUR,SSP4,$ 2005 PPP / capita,2090,93051.3576
EUR,SSP4,$ 2005 PPP / capita,2095,99448.81659
EUR,SSP4,$ 2005 PPP / capita,2100,106293.1013
EUR,SSP5,$ 2005 PPP / capita,2015,30608.27319
EUR,SSP5,$ 2005 PPP / capita,2020,32999.48063
EUR,SSP5,$ 2005 PPP / capita,2025,35911.43626
EUR,SSP5,$ 2005 PPP / capita,2030,39703.03594
EUR,SSP5,$ 2005 PPP / capita,2035,44288.11147
EUR,SSP5,$ 2005 PPP / capita,2040,49227.76726
EUR,SSP5,$ 2005 PPP / capita,2045,54357.10188
EUR,SSP5,$ 2005 PPP / capita,2050,59629.47763
EUR,SSP5,$ 2005 PPP / capita,2055,65481.06672
EUR,SSP5,$ 2005 PPP / capita,2060,72048.46382
EUR,SSP5,$ 2005 PPP / capita,2065,79484.70455
EUR,SSP5,$ 2005 PPP / capita,2070,87728.44721
EUR,SSP5,$ 2005 PPP / capita,2075,96685.33025
EUR,SSP5,$ 2005 PPP / capita,2080,106355.0896
EUR,SSP5,$ 2005 PPP / capita,2085,116868.2391
EUR,SSP5,$ 2005 PPP / capita,2090,128368.7261
EUR,SSP5,$ 2005 PPP / capita,2095,140950.5188
EUR,SSP5,$ 2005 PPP / capita,2100,154754.6446
EUR,cornucopia,$ 2005 PPP / capita,2015,30608.27319
EUR,cornucopia,$ 2005 PPP / capita,2020,32930.2073
EUR,cornucopia,$ 2005 PPP / capita,2025,35417.34354
EUR,cornucopia,$ 2005 PPP / capita,2030,38354.25146
EUR,cornucopia,$ 2005 PPP / capita,2035,41716.69223
EUR,cornucopia,$ 2005 PPP / capita,2040,45248.84599
EUR,cornucopia,$ 2005 PPP / capita,2045,48718.5706
EUR,cornucopia,$ 2005 PPP / capita,2050,52053.99583
EUR,cornucopia,$ 2005 PPP / capita,2055,55622.96301
EUR,cornucopia,$ 2005 PPP / capita,2060,59498.06696
EUR,cornucopia,$ 2005 PPP / capita,2065,63719.31536
EUR,cornucopia,$ 2005 PPP / capita,2070,68125.50612
EUR,cornucopia,$ 2005 PPP / capita,2075,72596.30811
EUR,cornucopia,$ 2005 PPP / capita,2080,77231.75513
EUR,cornucopia,$ 2005 PPP / capita,2085,82134.84962
EUR,cornucopia,$ 2005 PPP / capita,2090,87397.52644
EUR,cornucopia,$ 2005 PPP / capita,2095,93024.09391
EUR,cornucopia,$ 2005 PPP / capita,2100,98959.52427
EUR,HumServEcon,$ 2005 PPP / capita,2015,30608.27319
EUR,HumServEcon,$ 2005 PPP / capita,2020,32930.2073
EUR,HumServEcon,$ 2005 PPP / capita,2025,34155.66803
EUR,HumServEcon,$ 2005 PPP / capita,2030,35549.25068
EUR,HumServEcon,$ 2005 PPP / capita,2035,37081.32997
EUR,HumServEcon,$ 2005 PPP / capita,2040,38625.65381
EUR,HumServEcon,$ 2005 PPP / capita,2045,40084.69888
EUR,HumServEcon,$ 2005 PPP / capita,2050,41438.68881
EUR,HumServEcon,$ 2005 PPP / capita,2055,42840.42541
EUR,HumServEcon,$ 2005 PPP / capita,2060,44312.6159
EUR,HumServEcon,$ 2005 PPP / capita,2065,45863.00651
EUR,HumServEcon,$ 2005 PPP / capita,2070,47427.51632
EUR,HumServEcon,$ 2005 PPP / capita,2075,48963.97238
EUR,HumServEcon,$ 2005 PPP / capita,2080,50507.85504
EUR,HumServEcon,$ 2005 PPP / capita,2085,52091.37729
EUR,HumServEcon,$ 2005 PPP / capita,2090,53739.49168
EUR,HumServEcon,$ 2005 PPP / capita,2095,55447.75565
EUR,HumServEcon,$ 2005 PPP / capita,2100,57194.80506
EUR,NewPubEcon,$ 2005 PPP / capita,2015,30608.27319
EUR,NewPubEcon,$ 2005 PPP / capita,2020,32930.2073
EUR,NewPubEcon,$ 2005 PPP / capita,2025,34572.16356
EUR,NewPubEcon,$ 2005 PPP / capita,2030,35507.52686
EUR,NewPubEcon,$ 2005 PPP / capita,2035,35507.52686
EUR,NewPubEcon,$ 2005 PPP / capita,2040,35507.52686
EUR,NewPubEcon,$ 2005 PPP / capita,2045,35507.52686
EUR,NewPubEcon,$ 2005 PPP / capita,2050,35507.52686
EUR,NewPubEcon,$ 2005 PPP / capita,2055,35507.52686
EUR,NewPubEcon,$ 2005 PPP / capita,2060,35507.52686
EUR,NewPubEcon,$ 2005 PPP / capita,2065,35507.52686
EUR,NewPubEcon,$ 2005 PPP / capita,2070,35507.52686
EUR,NewPubEcon,$ 2005 PPP / capita,2075,35507.52686
EUR,NewPubEcon,$ 2005 PPP / capita,2080,35507.52686
EUR,NewPubEcon,$ 2005 PPP / capita,2085,35507.52686
EUR,NewPubEcon,$ 2005 PPP / capita,2090,35507.52686
EUR,NewPubEcon,$ 2005 PPP / capita,2095,35507.52686
EUR,NewPubEcon,$ 2005 PPP / capita,2100,35507.52686
IND,SSP1,$ 2005 PPP / capita,2015,4353.562
IND,SSP1,$ 2005 PPP / capita,2020,5493.382271
IND,SSP1,$ 2005 PPP / capita,2025,7123.2907
IND,SSP1,$ 2005 PPP / capita,2030,9347.102942
IND,SSP1,$ 2005 PPP / capita,2035,12230.31081
IND,SSP1,$ 2005 PPP / capita,2040,15680.72557
IND,SSP1,$ 2005 PPP / capita,2045,19580.30272
IND,SSP1,$ 2005 PPP / capita,2050,23798.24874
IND,SSP1,$ 2005 PPP / capita,2055,28354.16178
IND,SSP1,$ 2005 PPP / capita,2060,33173.02505
IND,SSP1,$ 2005 PPP / capita,2065,38194.10841
IND,SSP1,$ 2005 PPP / capita,2070,43300.28613
IND,SSP1,$ 2005 PPP / capita,2075,48438.30367
IND,SSP1,$ 2005 PPP / capita,2080,53744.275
IND,SSP1,$ 2005 PPP / capita,2085,59229.1519
IND,SSP1,$ 2005 PPP / capita,2090,64866.3799
IND,SSP1,$ 2005 PPP / capita,2095,70652.43739
IND,SSP1,$ 2005 PPP / capita,2100,76505.40182
IND,SSP2,$ 2005 PPP / capita,2015,4353.562
IND,SSP2,$ 2005 PPP / capita,2020,5439.210664
IND,SSP2,$ 2005 PPP / capita,2025,6761.412728
IND,SSP2,$ 2005 PPP / capita,2030,8236.139794
IND,SSP2,$ 2005 PPP / capita,2035,9861.021051
IND,SSP2,$ 2005 PPP / capita,2040,11689.69128
IND,SSP2,$ 2005 PPP / capita,2045,13694.58424
IND,SSP2,$ 2005 PPP / capita,2050,15883.35034
IND,SSP2,$ 2005 PPP / capita,2055,18343.40054
IND,SSP2,$ 2005 PPP / capita,2060,21063.03921
IND,SSP2,$ 2005 PPP / capita,2065,24038.38266
IND,SSP2,$ 2005 PPP / capita,2070,27229.98979
IND,SSP2,$ 2005 PPP / capita,2075,30632.32458
IND,SSP2,$ 2005 PPP / capita,2080,34259.26275
IND,SSP2,$ 2005 PPP / capita,2085,38124.75912
IND,SSP2,$ 2005 PPP / capita,2090,42234.42226
IND,SSP2,$ 2005 PPP / capita,2095,46605.35744
IND,SSP2,$ 2005 PPP / capita,2100,51149.59446
IND,SSP3,$ 2005 PPP / capita,2015,4353.562
IND,SSP3,$ 2005 PPP / capita,2020,5392.306169
IND,SSP3,$ 2005 PPP / capita,2025,6419.550323
IND,SSP3,$ 2005 PPP / capita,2030,7287.664658
IND,SSP3,$ 2005 PPP / capita,2035,7983.477176
IND,SSP3,$ 2005 PPP / capita,2040,8604.888816
IND,SSP3,$ 2005 PPP / capita,2045,9133.680147
IND,SSP3,$ 2005 PPP / capita,2050,9587.277847
IND,SSP3,$ 2005 PPP / capita,2055,10068.68874
IND,SSP3,$ 2005 PPP / capita,2060,10550.06719
IND,SSP3,$ 2005 PPP / capita,2065,11039.54437
IND,SSP3,$ 2005 PPP / capita,2070,11524.77374
IND,SSP3,$ 2005 PPP / capita,2075,11999.4117
IND,SSP3,$ 2005 PPP / capita,2080,12450.8754
IND,SSP3,$ 2005 PPP / capita,2085,12881.68758
IND,SSP3,$ 2005 PPP / capita,2090,13307.04916
IND,SSP3,$ 2005 PPP / capita,2095,13731.12055
IND,SSP3,$ 2005 PPP / capita,2100,14159.07021
IND,SSP4,$ 2005 PPP / capita,2015,4353.562
IND,SSP4,$ 2005 PPP / capita,2020,5430.022289
IND,SSP4,$ 2005 PPP / capita,2025,6695.531045
IND,SSP4,$ 2005 PPP / capita,2030,8112.099937
IND,SSP4,$ 2005 PPP / capita,2035,9640.592101
IND,SSP4,$ 2005 PPP / capita,2040,11301.18512
IND,SSP4,$ 2005 PPP / capita,2045,13049.20061
IND,SSP4,$ 2005 PPP / capita,2050,14890.27855
IND,SSP4,$ 2005 PPP / capita,2055,16920.27854
IND,SSP4,$ 2005 PPP / capita,2060,19111.55426
IND,SSP4,$ 2005 PPP / capita,2065,21443.67593
IND,SSP4,$ 2005 PPP / capita,2070,23886.96151
IND,SSP4,$ 2005 PPP / capita,2075,26435.63298
IND,SSP4,$ 2005 PPP / capita,2080,29131.02049
IND,SSP4,$ 2005 PPP / capita,2085,31984.25881
IND,SSP4,$ 2005 PPP / capita,2090,35038.13282
IND,SSP4,$ 2005 PPP / capita,2095,38312.87388
IND,SSP4,$ 2005 PPP / capita,2100,41766.51796
IND,SSP5,$ 2005 PPP / capita,2015,4353.562
IND,SSP5,$ 2005 PPP / capita,2020,5519.050475
IND,SSP5,$ 2005 PPP / capita,2025,7361.058232
IND,SSP5,$ 2005 PPP / capita,2030,10114.51925
IND,SSP5,$ 2005 PPP / capita,2035,13911.72957
IND,SSP5,$ 2005 PPP / capita,2040,18570.96979
IND,SSP5,$ 2005 PPP / capita,2045,23994.19418
IND,SSP5,$ 2005 PPP / capita,2050,30057.05171
IND,SSP5,$ 2005 PPP / capita,2055,36814.6837
IND,SSP5,$ 2005 PPP / capita,2060,44245.54509
IND,SSP5,$ 2005 PPP / capita,2065,52315.45557
IND,SSP5,$ 2005 PPP / capita,2070,60897.62335
IND,SSP5,$ 2005 PPP / capita,2075,69967.67829
IND,SSP5,$ 2005 PPP / capita,2080,79777.66878
IND,SSP5,$ 2005 PPP / capita,2085,90410.24857
IND,SSP5,$ 2005 PPP / capita,2090,101892.1666
IND,SSP5,$ 2005 PPP / capita,2095,114284.6485
IND,SSP5,$ 2005 PPP / capita,2100,127516.7374
IND,cornucopia,$ 2005 PPP / capita,2015,4353.562
IND,cornucopia,$ 2005 PPP / capita,2020,5493.382271
IND,cornucopia,$ 2005 PPP / capita,2025,7123.2907
IND,cornucopia,$ 2005 PPP / capita,2030,9347.102942
IND,cornucopia,$ 2005 PPP / capita,2035,12230.31081
IND,cornucopia,$ 2005 PPP / capita,2040,15680.72557
IND,cornucopia,$ 2005 PPP / capita,2045,19580.30272
IND,cornucopia,$ 2005 PPP / capita,2050,23798.24874
IND,cornucopia,$ 2005 PPP / capita,2055,28354.16178
IND,cornucopia,$ 2005 PPP / capita,2060,33173.02505
IND,cornucopia,$ 2005 PPP / capita,2065,38194.10841
IND,cornucopia,$ 2005 PPP / capita,2070,43300.28613
IND,cornucopia,$ 2005 PPP / capita,2075,48438.30367
IND,cornucopia,$ 2005 PPP / capita,2080,53744.275
IND,cornucopia,$ 2005 PPP / capita,2085,59229.1519
IND,cornucopia,$ 2005 PPP / capita,2090,64866.3799
IND,cornucopia,$ 2005 PPP / capita,2095,70652.43739
IND,cornucopia,$ 2005 PPP / capita,2100,76505.40182
IND,HumServEcon,$ 2005 PPP / capita,2015,4353.562
IND,HumServEcon,$ 2005 PPP / capita,2020,5493.382271
IND,HumServEcon,$ 2005 PPP / capita,2025,7123.2907
IND,HumServEcon,$ 2005 PPP / capita,2030,9347.102942
IND,HumServEcon,$ 2005 PPP / capita,2035,12230.31081
IND,HumServEcon,$ 2005 PPP / capita,2040,15680.72557
IND,HumServEcon,$ 2005 PPP / capita,2045,19580.30272
IND,HumServEcon,$ 2005 PPP / capita,2050,23798.24874
IND,HumServEcon,$ 2005 PPP / capita,2055,28354.16178
IND,HumServEcon,$ 2005 PPP / capita,2060,33173.02505
IND,HumServEcon,$ 2005 PPP / capita,2065,38194.10841
IND,HumServEcon,$ 2005 PPP / capita,2070,43300.28613
IND,HumServEcon,$ 2005 PPP / capita,2075,48438.30367
IND,HumServEcon,$ 2005 PPP / capita,2080,53744.275
IND,HumServEcon,$ 2005 PPP / capita,2085,59229.1519
IND,HumServEcon,$ 2005 PPP / capita,2090,64866.3799
IND,HumServEcon,$ 2005 PPP / capita,2095,70652.43739
IND,HumServEcon,$ 2005 PPP / capita,2100,76505.40182
IND,NewPubEcon,$ 2005 PPP / capita,2015,4353.562
IND,NewPubEcon,$ 2005 PPP / capita,2020,5493.382271
IND,NewPubEcon,$ 2005 PPP / capita,2025,7123.2907
IND,NewPubEcon,$ 2005 PPP / capita,2030,9347.102942
IND,NewPubEcon,$ 2005 PPP / capita,2035,12230.31081
IND,NewPubEcon,$ 2005 PPP / capita,2040,15680.72557
IND,NewPubEcon,$ 2005 PPP / capita,2045,19580.30272
IND,NewPubEcon,$ 2005 PPP / capita,2050,23798.24874
IND,NewPubEcon,$ 2005 PPP / capita,2055,28354.16178
IND,NewPubEcon,$ 2005 PPP / capita,2060,33173.02505
IND,NewPubEcon,$ 2005 PPP / capita,2065,38194.10841
IND,NewPubEcon,$ 2005 PPP / capita,2070,43300.28613
IND,NewPubEcon,$ 2005 PPP / capita,2075,48438.30367
IND,NewPubEcon,$ 2005 PPP / capita,2080,53744.275
IND,NewPubEcon,$ 2005 PPP / capita,2085,59229.1519
IND,NewPubEcon,$ 2005 PPP / capita,2090,64866.3799
IND,NewPubEcon,$ 2005 PPP / capita,2095,70652.43739
IND,NewPubEcon,$ 2005 PPP / capita,2100,76505.40182
JPN,SSP1,$ 2005 PPP / capita,2015,34576.09
JPN,SSP1,$ 2005 PPP / capita,2020,36296.53129
JPN,SSP1,$ 2005 PPP / capita,2025,38869.18755
JPN,SSP1,$ 2005 PPP / capita,2030,42127.61918
JPN,SSP1,$ 2005 PPP / capita,2035,45689.51124
JPN,SSP1,$ 2005 PPP / capita,2040,49187.97669
JPN,SSP1,$ 2005 PPP / capita,2045,52896.56379
JPN,SSP1,$ 2005 PPP / capita,2050,56606.72609
JPN,SSP1,$ 2005 PPP / capita,2055,60776.46074
JPN,SSP1,$ 2005 PPP / capita,2060,65268.78947
JPN,SSP1,$ 2005 PPP / capita,2065,70030.14043
JPN,SSP1,$ 2005 PPP / capita,2070,75037.30616
JPN,SSP1,$ 2005 PPP / capita,2075,80153.24941
JPN,SSP1,$ 2005 PPP / capita,2080,85364.71216
JPN,SSP1,$ 2005 PPP / capita,2085,90940.11326
JPN,SSP1,$ 2005 PPP / capita,2090,96830.44253
JPN,SSP1,$ 2005 PPP / capita,2095,102971.1946
JPN,SSP1,$ 2005 PPP / capita,2100,109313.2004
JPN,SSP2,$ 2005 PPP / capita,2015,34576.09
JPN,SSP2,$ 2005 PPP / capita,2020,36236.76674
JPN,SSP2,$ 2005 PPP / capita,2025,38403.98622
JPN,SSP2,$ 2005 PPP / capita,2030,40664.87631
JPN,SSP2,$ 2005 PPP / capita,2035,42674.67268
JPN,SSP2,$ 2005 PPP / capita,2040,44566.52845
JPN,SSP2,$ 2005 PPP / capita,2045,46716.04584
JPN,SSP2,$ 2005 PPP / capita,2050,48976.07659
JPN,SSP2,$ 2005 PPP / capita,2055,51816.95536
JPN,SSP2,$ 2005 PPP / capita,2060,54980.40519
JPN,SSP2,$ 2005 PPP / capita,2065,58428.80859
JPN,SSP2,$ 2005 PPP / capita,2070,62164.4067
JPN,SSP2,$ 2005 PPP / capita,2075,66083.00171
JPN,SSP2,$ 2005 PPP / capita,2080,70187.62114
JPN,SSP2,$ 2005 PPP / capita,2085,74717.88315
JPN,SSP2,$ 2005 PPP / capita,2090,79659.90784
JPN,SSP2,$ 2005 PPP / capita,2095,84985.11085
JPN,SSP2,$ 2005 PPP / capita,2100,90674.2717
JPN,SSP3,$ 2005 PPP / capita,2015,34576.09
JPN,SSP3,$ 2005 PPP / capita,2020,36217.06206
JPN,SSP3,$ 2005 PPP / capita,2025,38240.18424
JPN,SSP3,$ 2005 PPP / capita,2030,40181.16087
JPN,SSP3,$ 2005 PPP / capita,2035,41509.06059
JPN,SSP3,$ 2005 PPP / capita,2040,42436.7716
JPN,SSP3,$ 2005 PPP / capita,2045,43337.17067
JPN,SSP3,$ 2005 PPP / capita,2050,44112.78659
JPN,SSP3,$ 2005 PPP / capita,2055,45328.50821
JPN,SSP3,$ 2005 PPP / capita,2060,46777.71879
JPN,SSP3,$ 2005 PPP / capita,2065,48375.85262
JPN,SSP3,$ 2005 PPP / capita,2070,50054.94609
JPN,SSP3,$ 2005 PPP / capita,2075,51715.34822
JPN,SSP3,$ 2005 PPP / capita,2080,53446.35194
JPN,SSP3,$ 2005 PPP / capita,2085,55422.97446
JPN,SSP3,$ 2005 PPP / capita,2090,57723.40319
JPN,SSP3,$ 2005 PPP / capita,2095,60385.15902
JPN,SSP3,$ 2005 PPP / capita,2100,63310.2398
JPN,SSP4,$ 2005 PPP / capita,2015,34576.09
JPN,SSP4,$ 2005 PPP / capita,2020,36324.94014
JPN,SSP4,$ 2005 PPP / capita,2025,39082.13594
JPN,SSP4,$ 2005 PPP / capita,2030,42729.72009
JPN,SSP4,$ 2005 PPP / capita,2035,46738.42546
JPN,SSP4,$ 2005 PPP / capita,2040,50724.37645
JPN,SSP4,$ 2005 PPP / capita,2045,55028.37348
JPN,SSP4,$ 2005 PPP / capita,2050,59452.69384
JPN,SSP4,$ 2005 PPP / capita,2055,64476.83499
JPN,SSP4,$ 2005 PPP / capita,2060,69877.00599
JPN,SSP4,$ 2005 PPP / capita,2065,75541.92173
JPN,SSP4,$ 2005 PPP / capita,2070,81392.45768
JPN,SSP4,$ 2005 PPP / capita,2075,87245.94054
JPN,SSP4,$ 2005 PPP / capita,2080,93246.85235
JPN,SSP4,$ 2005 PPP / capita,2085,99760.00343
JPN,SSP4,$ 2005 PPP / capita,2090,106809.6045
JPN,SSP4,$ 2005 PPP / capita,2095,114391.4924
JPN,SSP4,$ 2005 PPP / capita,2100,122334.225
JPN,SSP5,$ 2005 PPP / capita,2015,34576.09
JPN,SSP5,$ 2005 PPP / capita,2020,36377.59485
JPN,SSP5,$ 2005 PPP / capita,2025,39542.83094
JPN,SSP5,$ 2005 PPP / capita,2030,43994.67981
JPN,SSP5,$ 2005 PPP / capita,2035,49284.97338
JPN,SSP5,$ 2005 PPP / capita,2040,54684.54422
JPN,SSP5,$ 2005 PPP / capita,2045,60546.90063
JPN,SSP5,$ 2005 PPP / capita,2050,66703.22936
JPN,SSP5,$ 2005 PPP / capita,2055,73676.61499
JPN,SSP5,$ 2005 PPP / capita,2060,81410.94683
JPN,SSP5,$ 2005 PPP / capita,2065,89954.79925
JPN,SSP5,$ 2005 PPP / capita,2070,99412.20063
JPN,SSP5,$ 2005 PPP / capita,2075,109697.5069
JPN,SSP5,$ 2005 PPP / capita,2080,120669.4613
JPN,SSP5,$ 2005 PPP / capita,2085,132637.4534
JPN,SSP5,$ 2005 PPP / capita,2090,145544.3431
JPN,SSP5,$ 2005 PPP / capita,2095,159350.3317
JPN,SSP5,$ 2005 PPP / capita,2100,174222.7841
JPN,cornucopia,$ 2005 PPP / capita,2015,34576.09
JPN,cornucopia,$ 2005 PPP / capita,2020,36296.53129
JPN,cornucopia,$ 2005 PPP / capita,2025,38869.18755
JPN,cornucopia,$ 2005 PPP / capita,2030,42127.61918
JPN,cornucopia,$ 2005 PPP / capita,2035,45689.51124
JPN,cornucopia,$ 2005 PPP / capita,2040,49187.97669
JPN,cornucopia,$ 2005 PPP / capita,2045,52896.56379
JPN,cornucopia,$ 2005 PPP / capita,2050,56606.72609
JPN,cornucopia,$ 2005 PPP / capita,2055,60776.46074
JPN,cornucopia,$ 2005 PPP / capita,2060,65268.78947
JPN,cornucopia,$ 2005 PPP / capita,2065,70030.14043
JPN,cornucopia,$ 2005 PPP / capita,2070,75037.30616
JPN,cornucopia,$ 2005 PPP / capita,2075,80153.24941
JPN,cornucopia,$ 2005 PPP / capita,2080,85364.71216
JPN,cornucopia,$ 2005 PPP / capita,2085,90940.11326
JPN,cornucopia,$ 2005 PPP / capita,2090,96830.44253
JPN,cornucopia,$ 2005 PPP / capita,2095,102971.1946
JPN,cornucopia,$ 2005 PPP / capita,2100,109313.2004
JPN,HumServEcon,$ 2005 PPP / capita,2015,34576.09
JPN,HumServEcon,$ 2005 PPP / capita,2020,36296.53129
JPN,HumServEcon,$ 2005 PPP / capita,2025,37565.24347
JPN,HumServEcon,$ 2005 PPP / capita,2030,39114.45605
JPN,HumServEcon,$ 2005 PPP / capita,2035,40741.18141
JPN,HumServEcon,$ 2005 PPP / capita,2040,42277.95224
JPN,HumServEcon,$ 2005 PPP / capita,2045,43848.58282
JPN,HumServEcon,$ 2005 PPP / capita,2050,45365.50437
JPN,HumServEcon,$ 2005 PPP / capita,2055,47012.60046
JPN,HumServEcon,$ 2005 PPP / capita,2060,48725.30466
JPN,HumServEcon,$ 2005 PPP / capita,2065,50477.53182
JPN,HumServEcon,$ 2005 PPP / capita,2070,52257.18493
JPN,HumServEcon,$ 2005 PPP / capita,2075,54015.10071
JPN,HumServEcon,$ 2005 PPP / capita,2080,55748.97614
JPN,HumServEcon,$ 2005 PPP / capita,2085,57546.49956
JPN,HumServEcon,$ 2005 PPP / capita,2090,59386.79526
JPN,HumServEcon,$ 2005 PPP / capita,2095,61246.72286
JPN,HumServEcon,$ 2005 PPP / capita,2100,63110.27452
JPN,NewPubEcon,$ 2005 PPP / capita,2015,34576.09
JPN,NewPubEcon,$ 2005 PPP / capita,2020,36296.53129
JPN,NewPubEcon,$ 2005 PPP / capita,2025,37995.94106
JPN,NewPubEcon,$ 2005 PPP / capita,2030,39034.95453
JPN,NewPubEcon,$ 2005 PPP / capita,2035,39034.95453
JPN,NewPubEcon,$ 2005 PPP / capita,2040,39034.95453
JPN,NewPubEcon,$ 2005 PPP / capita,2045,39034.95453
JPN,NewPubEcon,$ 2005 PPP / capita,2050,39034.95453
JPN,NewPubEcon,$ 2005 PPP / capita,2055,39034.95453
JPN,NewPubEcon,$ 2005 PPP / capita,2060,39034.95453
JPN,NewPubEcon,$ 2005 PPP / capita,2065,39034.95453
JPN,NewPubEcon,$ 2005 PPP / capita,2070,39034.95453
JPN,NewPubEcon,$ 2005 PPP / capita,2075,39034.95453
JPN,NewPubEcon,$ 2005 PPP / capita,2080,39034.95453
JPN,NewPubEcon,$ 2005 PPP / capita,2085,39034.95453
JPN,NewPubEcon,$ 2005 PPP / capita,2090,39034.95453
JPN,NewPubEcon,$ 2005 PPP / capita,2095,39034.95453
JPN,NewPubEcon,$ 2005 PPP / capita,2100,39034.95453
LAM,SSP1,$ 2005 PPP / capita,2015,11647.97035
LAM,SSP1,$ 2005 PPP / capita,2020,13451.90843
LAM,SSP1,$ 2005 PPP / capita,2025,15658.61279
LAM,SSP1,$ 2005 PPP / capita,2030,18427.47915
LAM,SSP1,$ 2005 PPP / capita,2035,21762.18909
LAM,SSP1,$ 2005 PPP / capita,2040,25510.19332
LAM,SSP1,$ 2005 PPP / capita,2045,29579.35135
LAM,SSP1,$ 2005 PPP / capita,2050,33898.68964
LAM,SSP1,$ 2005 PPP / capita,2055,38441.94675
LAM,SSP1,$ 2005 PPP / capita,2060,43198.40634
LAM,SSP1,$ 2005 PPP / capita,2065,48086.88947
LAM,SSP1,$ 2005 PPP / capita,2070,53037.01012
LAM,SSP1,$ 2005 PPP / capita,2075,58082.84482
LAM,SSP1,$ 2005 PPP / capita,2080,63318.61259
LAM,SSP1,$ 2005 PPP / capita,2085,68776.12403
LAM,SSP1,$ 2005 PPP / capita,2090,74535.50011
LAM,SSP1,$ 2005 PPP / capita,2095,80643.50207
LAM,SSP1,$ 2005 PPP / capita,2100,87065.66144
LAM,SSP2,$ 2005 PPP / capita,2015,11647.97035
LAM,SSP2,$ 2005 PPP / capita,2020,13384.88607
LAM,SSP2,$ 2005 PPP / capita,2025,15180.47496
LAM,SSP2,$ 2005 PPP / capita,2030,17038.51877
LAM,SSP2,$ 2005 PPP / capita,2035,18979.33255
LAM,SSP2,$ 2005 PPP / capita,2040,21085.90593
LAM,SSP2,$ 2005 PPP / capita,2045,23382.61203
LAM,SSP2,$ 2005 PPP / capita,2050,25903.55648
LAM,SSP2,$ 2005 PPP / capita,2055,28699.44062
LAM,SSP2,$ 2005 PPP / capita,2060,31762.88376
LAM,SSP2,$ 2005 PPP / capita,2065,35085.41663
LAM,SSP2,$ 2005 PPP / capita,2070,38670.11862
LAM,SSP2,$ 2005 PPP / capita,2075,42564.0693
LAM,SSP2,$ 2005 PPP / capita,2080,46764.20985
LAM,SSP2,$ 2005 PPP / capita,2085,51278.80643
LAM,SSP2,$ 2005 PPP / capita,2090,56118.56485
LAM,SSP2,$ 2005 PPP / capita,2095,61286.9733
LAM,SSP2,$ 2005 PPP / capita,2100,66772.39309
LAM,SSP3,$ 2005 PPP / capita,2015,11647.97035
LAM,SSP3,$ 2005 PPP / capita,2020,13297.25787
LAM,SSP3,$ 2005 PPP / capita,2025,14658.21988
LAM,SSP3,$ 2005 PPP / capita,2030,15725.52955
LAM,SSP3,$ 2005 PPP / capita,2035,16561.05469
LAM,SSP3,$ 2005 PPP / capita,2040,17327.41663
LAM,SSP3,$ 2005 PPP / capita,2045,18028.97846
LAM,SSP3,$ 2005 PPP / capita,2050,18694.89365
LAM,SSP3,$ 2005 PPP / capita,2055,19393.29702
LAM,SSP3,$ 2005 PPP / capita,2060,20118.28896
LAM,SSP3,$ 2005 PPP / capita,2065,20873.09538
LAM,SSP3,$ 2005 PPP / capita,2070,21655.99261
LAM,SSP3,$ 2005 PPP / capita,2075,22474.03875
LAM,SSP3,$ 2005 PPP / capita,2080,23281.52154
LAM,SSP3,$ 2005 PPP / capita,2085,24060.33939
LAM,SSP3,$ 2005 PPP / capita,2090,24827.47749
LAM,SSP3,$ 2005 PPP / capita,2095,25589.40445
LAM,SSP3,$ 2005 PPP / capita,2100,26358.96823
LAM,SSP4,$ 2005 PPP / capita,2015,11647.97035
LAM,SSP4,$ 2005 PPP / capita,2020,13338.6079
LAM,SSP4,$ 2005 PPP / capita,2025,15029.37761
LAM,SSP4,$ 2005 PPP / capita,2030,16850.63116
LAM,SSP4,$ 2005 PPP / capita,2035,18748.05607
LAM,SSP4,$ 2005 PPP / capita,2040,20737.57206
LAM,SSP4,$ 2005 PPP / capita,2045,22811.95723
LAM,SSP4,$ 2005 PPP / capita,2050,25023.43876
LAM,SSP4,$ 2005 PPP / capita,2055,27432.00864
LAM,SSP4,$ 2005 PPP / capita,2060,30043.35419
LAM,SSP4,$ 2005 PPP / capita,2065,32795.42473
LAM,SSP4,$ 2005 PPP / capita,2070,35662.33468
LAM,SSP4,$ 2005 PPP / capita,2075,38687.9751
LAM,SSP4,$ 2005 PPP / capita,2080,41889.1481
LAM,SSP4,$ 2005 PPP / capita,2085,45253.44655
LAM,SSP4,$ 2005 PPP / capita,2090,48814.24993
LAM,SSP4,$ 2005 PPP / capita,2095,52599.81498
LAM,SSP4,$ 2005 PPP / capita,2100,56567.03382
LAM,SSP5,$ 2005 PPP / capita,2015,11647.97035
LAM,SSP5,$ 2005 PPP / capita,2020,13495.00985
LAM,SSP5,$ 2005 PPP / capita,2025,16049.26105
LAM,SSP5,$ 2005 PPP / capita,2030,19650.73624
LAM,SSP5,$ 2005 PPP / capita,2035,24317.18948
LAM,SSP5,$ 2005 PPP / capita,2040,29680.27277
LAM,SSP5,$ 2005 PPP / capita,2045,35663.4555
LAM,SSP5,$ 2005 PPP / capita,2050,42223.43408
LAM,SSP5,$ 2005 PPP / capita,2055,49370.09161
LAM,SSP5,$ 2005 PPP / capita,2060,57147.08361
LAM,SSP5,$ 2005 PPP / capita,2065,65476.88651
LAM,SSP5,$ 2005 PPP / capita,2070,74278.7063
LAM,SSP5,$ 2005 PPP / capita,2075,83654.28367
LAM,SSP5,$ 2005 PPP / capita,2080,93817.53314
LAM,SSP5,$ 2005 PPP / capita,2085,104886.4153
LAM,SSP5,$ 2005 PPP / capita,2090,117068.4277
LAM,SSP5,$ 2005 PPP / capita,2095,130532.2343
LAM,SSP5,$ 2005 PPP / capita,2100,145310.2364
LAM,cornucopia,$ 2005 PPP / capita,2015,11647.97035
LAM,cornucopia,$ 2005 PPP / capita,2020,13451.90843
LAM,cornucopia,$ 2005 PPP / capita,2025,15658.61279
LAM,cornucopia,$ 2005 PPP / capita,2030,18427.47915
LAM,cornucopia,$ 2005 PPP / capita,2035,21762.18909
LAM,cornucopia,$ 2005 PPP / capita,2040,25510.19332
LAM,cornucopia,$ 2005 PPP / capita,2045,29579.35135
LAM,cornucopia,$ 2005 PPP / capita,2050,33898.68964
LAM,cornucopia,$ 2005 PPP / capita,2055,38441.94675
LAM,cornucopia,$ 2005 PPP / capita,2060,43198.40634
LAM,cornucopia,$ 2005 PPP / capita,2065,48086.88947
LAM,cornucopia,$ 2005 PPP / capita,2070,53037.01012
LAM,cornucopia,$ 2005 PPP / capita,2075,58082.84482
LAM,cornucopia,$ 2005 PPP / capita,2080,63318.61259
LAM,cornucopia,$ 2005 PPP / capita,2085,68776.12403
LAM,cornucopia,$ 2005 PPP / capita,2090,74535.50011
LAM,cornucopia,$ 2005 PPP / capita,2095,80643.50207
LAM,cornucopia,$ 2005 PPP / capita,2100,87065.66144
LAM,HumServEcon,$ 2005 PPP / capita,2015,11647.97035
LAM,HumServEcon,$ 2005 PPP / capita,2020,13451.90843
LAM,HumServEcon,$ 2005 PPP / capita,2025,15081.61588
LAM,HumServEcon,$ 2005 PPP / capita,2030,17048.92748
LAM,HumServEcon,$ 2005 PPP / capita,2035,19324.06924
LAM,HumServEcon,$ 2005 PPP / capita,2040,21780.18112
LAM,HumServEcon,$ 2005 PPP / capita,2045,24346.98223
LAM,HumServEcon,$ 2005 PPP / capita,2050,26976.86179
LAM,HumServEcon,$ 2005 PPP / capita,2055,29654.22275
LAM,HumServEcon,$ 2005 PPP / capita,2060,32373.80083
LAM,HumServEcon,$ 2005 PPP / capita,2065,35091.84194
LAM,HumServEcon,$ 2005 PPP / capita,2070,37774.46692
LAM,HumServEcon,$ 2005 PPP / capita,2075,40445.20397
LAM,HumServEcon,$ 2005 PPP / capita,2080,43155.89697
LAM,HumServEcon,$ 2005 PPP / capita,2085,45922.48554
LAM,HumServEcon,$ 2005 PPP / capita,2090,48783.39398
LAM,HumServEcon,$ 2005 PPP / capita,2095,51757.94826
LAM,HumServEcon,$ 2005 PPP / capita,2100,54825.53561
LAM,NewPubEcon,$ 2005 PPP / capita,2015,11647.97035
LAM,NewPubEcon,$ 2005 PPP / capita,2020,13451.90843
LAM,NewPubEcon,$ 2005 PPP / capita,2025,15326.77937
LAM,NewPubEcon,$ 2005 PPP / capita,2030,17226.37153
LAM,NewPubEcon,$ 2005 PPP / capita,2035,18956.82788
LAM,NewPubEcon,$ 2005 PPP / capita,2040,20305.36672
LAM,NewPubEcon,$ 2005 PPP / capita,2045,21191.9073
LAM,NewPubEcon,$ 2005 PPP / capita,2050,21613.53511
LAM,NewPubEcon,$ 2005 PPP / capita,2055,21613.53511
LAM,NewPubEcon,$ 2005 PPP / capita,2060,21613.53511
LAM,NewPubEcon,$ 2005 PPP / capita,2065,21613.53511
LAM,NewPubEcon,$ 2005 PPP / capita,2070,21613.53511
LAM,NewPubEcon,$ 2005 PPP / capita,2075,21613.53511
LAM,NewPubEcon,$ 2005 PPP / capita,2080,21613.53511
LAM,NewPubEcon,$ 2005 PPP / capita,2085,21613.53511
LAM,NewPubEcon,$ 2005 PPP / capita,2090,21613.53511
LAM,NewPubEcon,$ 2005 PPP / capita,2095,21613.53511
LAM,NewPubEcon,$ 2005 PPP / capita,2100,21613.53511
MEA,SSP1,$ 2005 PPP / capita,2015,10517.87254
MEA,SSP1,$ 2005 PPP / capita,2020,11981.76981
MEA,SSP1,$ 2005 PPP / capita,2025,13814.35161
MEA,SSP1,$ 2005 PPP / capita,2030,16238.62676
MEA,SSP1,$ 2005 PPP / capita,2035,19075.26301
MEA,SSP1,$ 2005 PPP / capita,2040,22144.59988
MEA,SSP1,$ 2005 PPP / capita,2045,25382.59559
MEA,SSP1,$ 2005 PPP / capita,2050,28738.90318
MEA,SSP1,$ 2005 PPP / capita,2055,32407.90506
MEA,SSP1,$ 2005 PPP / capita,2060,36437.37075
MEA,SSP1,$ 2005 PPP / capita,2065,40782.3209
MEA,SSP1,$ 2005 PPP / capita,2070,45272.37627
MEA,SSP1,$ 2005 PPP / capita,2075,49878.98812
MEA,SSP1,$ 2005 PPP / capita,2080,54733.25301
MEA,SSP1,$ 2005 PPP / capita,2085,59893.81417
MEA,SSP1,$ 2005 PPP / capita,2090,65406.99706
MEA,SSP1,$ 2005 PPP / capita,2095,71268.14754
MEA,SSP1,$ 2005 PPP / capita,2100,77428.66278
MEA,SSP2,$ 2005 PPP / capita,2015,10517.87254
MEA,SSP2,$ 2005 PPP / capita,2020,11917.39166
MEA,SSP2,$ 2005 PPP / capita,2025,13490.28329
MEA,SSP2,$ 2005 PPP / capita,2030,15253.26417
MEA,SSP2,$ 2005 PPP / capita,2035,17068.01321
MEA,SSP2,$ 2005 PPP / capita,2040,18988.98498
MEA,SSP2,$ 2005 PPP / capita,2045,20993.38263
MEA,SSP2,$ 2005 PPP / capita,2050,23096.11367
MEA,SSP2,$ 2005 PPP / capita,2055,25500.43951
MEA,SSP2,$ 2005 PPP / capita,2060,28218.82363
MEA,SSP2,$ 2005 PPP / capita,2065,31274.65929
MEA,SSP2,$ 2005 PPP / capita,2070,34604.93573
MEA,SSP2,$ 2005 PPP / capita,2075,38204.78398
MEA,SSP2,$ 2005 PPP / capita,2080,42114.01142
MEA,SSP2,$ 2005 PPP / capita,2085,46351.41155
MEA,SSP2,$ 2005 PPP / capita,2090,50946.87698
MEA,SSP2,$ 2005 PPP / capita,2095,55892.23085
MEA,SSP2,$ 2005 PPP / capita,2100,61154.78586
MEA,SSP3,$ 2005 PPP / capita,2015,10517.87254
MEA,SSP3,$ 2005 PPP / capita,2020,11753.84968
MEA,SSP3,$ 2005 PPP / capita,2025,12969.03066
MEA,SSP3,$ 2005 PPP / capita,2030,14194.65285
MEA,SSP3,$ 2005 PPP / capita,2035,15339.64078
MEA,SSP3,$ 2005 PPP / capita,2040,16343.07283
MEA,SSP3,$ 2005 PPP / capita,2045,17102.17372
MEA,SSP3,$ 2005 PPP / capita,2050,17615.0704
MEA,SSP3,$ 2005 PPP / capita,2055,18116.95906
MEA,SSP3,$ 2005 PPP / capita,2060,18654.26538
MEA,SSP3,$ 2005 PPP / capita,2065,19281.11251
MEA,SSP3,$ 2005 PPP / capita,2070,19953.00984
MEA,SSP3,$ 2005 PPP / capita,2075,20691.32671
MEA,SSP3,$ 2005 PPP / capita,2080,21481.22459
MEA,SSP3,$ 2005 PPP / capita,2085,22316.79914
MEA,SSP3,$ 2005 PPP / capita,2090,23219.97963
MEA,SSP3,$ 2005 PPP / capita,2095,24199.83083
MEA,SSP3,$ 2005 PPP / capita,2100,25247.71406
MEA,SSP4,$ 2005 PPP / capita,2015,10517.87254
MEA,SSP4,$ 2005 PPP / capita,2020,11865.92302
MEA,SSP4,$ 2005 PPP / capita,2025,13384.62583
MEA,SSP4,$ 2005 PPP / capita,2030,15199.99011
MEA,SSP4,$ 2005 PPP / capita,2035,17142.00483
MEA,SSP4,$ 2005 PPP / capita,2040,19033.89313
MEA,SSP4,$ 2005 PPP / capita,2045,20749.31989
MEA,SSP4,$ 2005 PPP / capita,2050,22257.72962
MEA,SSP4,$ 2005 PPP / capita,2055,23791.43733
MEA,SSP4,$ 2005 PPP / capita,2060,25384.72785
MEA,SSP4,$ 2005 PPP / capita,2065,27072.4053
MEA,SSP4,$ 2005 PPP / capita,2070,28812.39154
MEA,SSP4,$ 2005 PPP / capita,2075,30602.40541
MEA,SSP4,$ 2005 PPP / capita,2080,32478.3507
MEA,SSP4,$ 2005 PPP / capita,2085,34449.02876
MEA,SSP4,$ 2005 PPP / capita,2090,36551.58275
MEA,SSP4,$ 2005 PPP / capita,2095,38802.07092
MEA,SSP4,$ 2005 PPP / capita,2100,41171.44287
MEA,SSP5,$ 2005 PPP / capita,2015,10517.87254
MEA,SSP5,$ 2005 PPP / capita,2020,12122.97088
MEA,SSP5,$ 2005 PPP / capita,2025,14456.26029
MEA,SSP5,$ 2005 PPP / capita,2030,17835.259
MEA,SSP5,$ 2005 PPP / capita,2035,22168.37706
MEA,SSP5,$ 2005 PPP / capita,2040,27070.94543
MEA,SSP5,$ 2005 PPP / capita,2045,32348.30119
MEA,SSP5,$ 2005 PPP / capita,2050,37885.91797
MEA,SSP5,$ 2005 PPP / capita,2055,43932.13886
MEA,SSP5,$ 2005 PPP / capita,2060,50648.64367
MEA,SSP5,$ 2005 PPP / capita,2065,58070.89466
MEA,SSP5,$ 2005 PPP / capita,2070,66004.50461
MEA,SSP5,$ 2005 PPP / capita,2075,74507.57417
MEA,SSP5,$ 2005 PPP / capita,2080,83838.28049
MEA,SSP5,$ 2005 PPP / capita,2085,94165.98428
MEA,SSP5,$ 2005 PPP / capita,2090,105630.3077
MEA,SSP5,$ 2005 PPP / capita,2095,118316.4102
MEA,SSP5,$ 2005 PPP / capita,2100,132236.2528
MEA,cornucopia,$ 2005 PPP / capita,2015,10517.87254
MEA,cornucopia,$ 2005 PPP / capita,2020,11981.76981
MEA,cornucopia,$ 2005 PPP / capita,2025,13814.35161
MEA,cornucopia,$ 2005 PPP / capita,2030,16238.62676
MEA,cornucopia,$ 2005 PPP / capita,2035,19075.26301
MEA,cornucopia,$ 2005 PPP / capita,2040,22144.59988
MEA,cornucopia,$ 2005 PPP / capita,2045,25382.59559
MEA,cornucopia,$ 2005 PPP / capita,2050,28738.90318
MEA,cornucopia,$ 2005 PPP / capita,2055,32407.90506
MEA,cornucopia,$ 2005 PPP / capita,2060,36437.37075
MEA,cornucopia,$ 2005 PPP / capita,2065,40782.3209
MEA,cornucopia,$ 2005 PPP / capita,2070,45272.37627
MEA,cornucopia,$ 2005 PPP / capita,2075,49878.98812
MEA,cornucopia,$ 2005 PPP / capita,2080,54733.25301
MEA,cornucopia,$ 2005 PPP / capita,2085,59893.81417
MEA,cornucopia,$ 2005 PPP / capita,2090,65406.99706
MEA,cornucopia,$ 2005 PPP / capita,2095,71268.14754
MEA,cornucopia,$ 2005 PPP / capita,2100,77428.66278
MEA,HumServEcon,$ 2005 PPP / capita,2015,10517.87254
MEA,HumServEcon,$ 2005 PPP / capita,2020,11981.76981
MEA,HumServEcon,$ 2005 PPP / capita,2025,13336.51259
MEA,HumServEcon,$ 2005 PPP / capita,2030,15063.22973
MEA,HumServEcon,$ 2005 PPP / capita,2035,17004.69964
MEA,HumServEcon,$ 2005 PPP / capita,2040,19025.99206
MEA,HumServEcon,$ 2005 PPP / capita,2045,21083.82588
MEA,HumServEcon,$ 2005 PPP / capita,2050,23148.62004
MEA,HumServEcon,$ 2005 PPP / capita,2055,25338.31702
MEA,HumServEcon,$ 2005 PPP / capita,2060,27673.31715
MEA,HumServEcon,$ 2005 PPP / capita,2065,30120.20014
MEA,HumServEcon,$ 2005 PPP / capita,2070,32581.22389
MEA,HumServEcon,$ 2005 PPP / capita,2075,35043.4511
MEA,HumServEcon,$ 2005 PPP / capita,2080,37577.43272
MEA,HumServEcon,$ 2005 PPP / capita,2085,40210.64573
MEA,HumServEcon,$ 2005 PPP / capita,2090,42962.11779
MEA,HumServEcon,$ 2005 PPP / capita,2095,45824.62598
MEA,HumServEcon,$ 2005 PPP / capita,2100,48770.75321
MEA,NewPubEcon,$ 2005 PPP / capita,2015,10517.87254
MEA,NewPubEcon,$ 2005 PPP / capita,2020,11981.76981
MEA,NewPubEcon,$ 2005 PPP / capita,2025,13539.65382
MEA,NewPubEcon,$ 2005 PPP / capita,2030,15205.28159
MEA,NewPubEcon,$ 2005 PPP / capita,2035,16681.10107
MEA,NewPubEcon,$ 2005 PPP / capita,2040,17792.2994
MEA,NewPubEcon,$ 2005 PPP / capita,2045,18506.80959
MEA,NewPubEcon,$ 2005 PPP / capita,2050,18841.65029
MEA,NewPubEcon,$ 2005 PPP / capita,2055,18841.65029
MEA,NewPubEcon,$ 2005 PPP / capita,2060,18841.65029
MEA,NewPubEcon,$ 2005 PPP / capita,2065,18841.65029
MEA,NewPubEcon,$ 2005 PPP / capita,2070,18841.65029
MEA,NewPubEcon,$ 2005 PPP / capita,2075,18841.65029
MEA,NewPubEcon,$ 2005 PPP / capita,2080,18841.65029
MEA,NewPubEcon,$ 2005 PPP / capita,2085,18841.65029
MEA,NewPubEcon,$ 2005 PPP / capita,2090,18841.65029
MEA,NewPubEcon,$ 2005 PPP / capita,2095,18841.65029
MEA,NewPubEcon,$ 2005 PPP / capita,2100,18841.65029
NEU,SSP1,$ 2005 PPP / capita,2015,16851.94465
NEU,SSP1,$ 2005 PPP / capita,2020,19525.14269
NEU,SSP1,$ 2005 PPP / capita,2025,22505.74845
NEU,SSP1,$ 2005 PPP / capita,2030,25962.5813
NEU,SSP1,$ 2005 PPP / capita,2035,29793.92757
NEU,SSP1,$ 2005 PPP / capita,2040,33846.63267
NEU,SSP1,$ 2005 PPP / capita,2045,37971.5955
NEU,SSP1,$ 2005 PPP / capita,2050,42085.16032
NEU,SSP1,$ 2005 PPP / capita,2055,46180.78292
NEU,SSP1,$ 2005 PPP / capita,2060,50352.56836
NEU,SSP1,$ 2005 PPP / capita,2065,54628.1717
NEU,SSP1,$ 2005 PPP / capita,2070,58940.71797
NEU,SSP1,$ 2005 PPP / capita,2075,63220.67165
NEU,SSP1,$ 2005 PPP / capita,2080,67655.89753
NEU,SSP1,$ 2005 PPP / capita,2085,72286.83548
NEU,SSP1,$ 2005 PPP / capita,2090,77147.37023
NEU,SSP1,$ 2005 PPP / capita,2095,82263.43278
NEU,SSP1,$ 2005 PPP / capita,2100,87731.01887
NEU,SSP2,$ 2005 PPP / capita,2015,16851.94465
NEU,SSP2,$ 2005 PPP / capita,2020,19417.0354
NEU,SSP2,$ 2005 PPP / capita,2025,21896.84957
NEU,SSP2,$ 2005 PPP / capita,2030,24383.30052
NEU,SSP2,$ 2005 PPP / capita,2035,26927.32344
NEU,SSP2,$ 2005 PPP / capita,2040,29687.75879
NEU,SSP2,$ 2005 PPP / capita,2045,32607.02775
NEU,SSP2,$ 2005 PPP / capita,2050,35698.78417
NEU,SSP2,$ 2005 PPP / capita,2055,38977.74659
NEU,SSP2,$ 2005 PPP / capita,2060,42505.71053
NEU,SSP2,$ 2005 PPP / capita,2065,46293.23493
NEU,SSP2,$ 2005 PPP / capita,2070,50334.85246
NEU,SSP2,$ 2005 PPP / capita,2075,54578.4369
NEU,SSP2,$ 2005 PPP / capita,2080,59031.92387
NEU,SSP2,$ 2005 PPP / capita,2085,63698.57829
NEU,SSP2,$ 2005 PPP / capita,2090,68560.89192
NEU,SSP2,$ 2005 PPP / capita,2095,73621.00973
NEU,SSP2,$ 2005 PPP / capita,2100,78879.54005
NEU,SSP3,$ 2005 PPP / capita,2015,16851.94465
NEU,SSP3,$ 2005 PPP / capita,2020,19231.31144
NEU,SSP3,$ 2005 PPP / capita,2025,21089.94506
NEU,SSP3,$ 2005 PPP / capita,2030,22530.04401
NEU,SSP3,$ 2005 PPP / capita,2035,23711.04283
NEU,SSP3,$ 2005 PPP / capita,2040,24813.73779
NEU,SSP3,$ 2005 PPP / capita,2045,25758.91991
NEU,SSP3,$ 2005 PPP / capita,2050,26607.35585
NEU,SSP3,$ 2005 PPP / capita,2055,27405.14345
NEU,SSP3,$ 2005 PPP / capita,2060,28212.36819
NEU,SSP3,$ 2005 PPP / capita,2065,29067.19625
NEU,SSP3,$ 2005 PPP / capita,2070,29950.08635
NEU,SSP3,$ 2005 PPP / capita,2075,30796.86424
NEU,SSP3,$ 2005 PPP / capita,2080,31553.36139
NEU,SSP3,$ 2005 PPP / capita,2085,32213.00148
NEU,SSP3,$ 2005 PPP / capita,2090,32809.76082
NEU,SSP3,$ 2005 PPP / capita,2095,33370.11087
NEU,SSP3,$ 2005 PPP / capita,2100,33909.66713
NEU,SSP4,$ 2005 PPP / capita,2015,16851.94465
NEU,SSP4,$ 2005 PPP / capita,2020,19386.01447
NEU,SSP4,$ 2005 PPP / capita,2025,21796.33201
NEU,SSP4,$ 2005 PPP / capita,2030,24320.27048
NEU,SSP4,$ 2005 PPP / capita,2035,26877.32303
NEU,SSP4,$ 2005 PPP / capita,2040,29507.57676
NEU,SSP4,$ 2005 PPP / capita,2045,32116.58879
NEU,SSP4,$ 2005 PPP / capita,2050,34777.90974
NEU,SSP4,$ 2005 PPP / capita,2055,37511.73391
NEU,SSP4,$ 2005 PPP / capita,2060,40425.21066
NEU,SSP4,$ 2005 PPP / capita,2065,43516.14025
NEU,SSP4,$ 2005 PPP / capita,2070,46756.61571
NEU,SSP4,$ 2005 PPP / capita,2075,50093.79793
NEU,SSP4,$ 2005 PPP / capita,2080,53580.88373
NEU,SSP4,$ 2005 PPP / capita,2085,57204.43741
NEU,SSP4,$ 2005 PPP / capita,2090,61042.91075
NEU,SSP4,$ 2005 PPP / capita,2095,65154.60415
NEU,SSP4,$ 2005 PPP / capita,2100,69498.02804
NEU,SSP5,$ 2005 PPP / capita,2015,16851.94465
NEU,SSP5,$ 2005 PPP / capita,2020,19623.88011
NEU,SSP5,$ 2005 PPP / capita,2025,23058.4026
NEU,SSP5,$ 2005 PPP / capita,2030,27422.28181
NEU,SSP5,$ 2005 PPP / capita,2035,32570.60078
NEU,SSP5,$ 2005 PPP / capita,2040,38153.00927
NEU,SSP5,$ 2005 PPP / capita,2045,44036.54935
NEU,SSP5,$ 2005 PPP / capita,2050,50174.90909
NEU,SSP5,$ 2005 PPP / capita,2055,56625.58327
NEU,SSP5,$ 2005 PPP / capita,2060,63547.47634
NEU,SSP5,$ 2005 PPP / capita,2065,71023.17077
NEU,SSP5,$ 2005 PPP / capita,2070,79013.02018
NEU,SSP5,$ 2005 PPP / capita,2075,87477.48739
NEU,SSP5,$ 2005 PPP / capita,2080,96662.308
NEU,SSP5,$ 2005 PPP / capita,2085,106674.9959
NEU,SSP5,$ 2005 PPP / capita,2090,117624.1524
NEU,SSP5,$ 2005 PPP / capita,2095,129625.1121
NEU,SSP5,$ 2005 PPP / capita,2100,142942.8312
NEU,cornucopia,$ 2005 PPP / capita,2015,16851.94465
NEU,cornucopia,$ 2005 PPP / capita,2020,19525.14269
NEU,cornucopia,$ 2005 PPP / capita,2025,22505.74845
NEU,cornucopia,$ 2005 PPP / capita,2030,25962.5813
NEU,cornucopia,$ 2005 PPP / capita,2035,29793.92757
NEU,cornucopia,$ 2005 PPP / capita,2040,33846.63267
NEU,cornucopia,$ 2005 PPP / capita,2045,37971.5955
NEU,cornucopia,$ 2005 PPP / capita,2050,42085.16032
NEU,cornucopia,$ 2005 PPP / capita,2055,46180.78292
NEU,cornucopia,$ 2005 PPP / capita,2060,50352.56836
NEU,cornucopia,$ 2005 PPP / capita,2065,54628.1717
NEU,cornucopia,$ 2005 PPP / capita,2070,58940.71797
NEU,cornucopia,$ 2005 PPP / capita,2075,63220.67165
NEU,cornucopia,$ 2005 PPP / capita,2080,67655.89753
NEU,cornucopia,$ 2005 PPP / capita,2085,72286.83548
NEU,cornucopia,$ 2005 PPP / capita,2090,77147.37023
NEU,cornucopia,$ 2005 PPP / capita,2095,82263.43278
NEU,cornucopia,$ 2005 PPP / capita,2100,87731.01887
NEU,HumServEcon,$ 2005 PPP / capita,2015,16851.94465
NEU,HumServEcon,$ 2005 PPP / capita,2020,19525.14269
NEU,HumServEcon,$ 2005 PPP / capita,2025,20973.11643
NEU,HumServEcon,$ 2005 PPP / capita,2030,22537.81615
NEU,HumServEcon,$ 2005 PPP / capita,2035,24155.02462
NEU,HumServEcon,$ 2005 PPP / capita,2040,25755.97124
NEU,HumServEcon,$ 2005 PPP / capita,2045,27289.35073
NEU,HumServEcon,$ 2005 PPP / capita,2050,28737.11306
NEU,HumServEcon,$ 2005 PPP / capita,2055,30109.45733
NEU,HumServEcon,$ 2005 PPP / capita,2060,31445.92008
NEU,HumServEcon,$ 2005 PPP / capita,2065,32759.24937
NEU,HumServEcon,$ 2005 PPP / capita,2070,34032.66843
NEU,HumServEcon,$ 2005 PPP / capita,2075,35250.98006
NEU,HumServEcon,$ 2005 PPP / capita,2080,36470.72418
NEU,HumServEcon,$ 2005 PPP / capita,2085,37702.37907
NEU,HumServEcon,$ 2005 PPP / capita,2090,38953.42875
NEU,HumServEcon,$ 2005 PPP / capita,2095,40228.45047
NEU,HumServEcon,$ 2005 PPP / capita,2100,41548.12548
NEU,NewPubEcon,$ 2005 PPP / capita,2015,16851.94465
NEU,NewPubEcon,$ 2005 PPP / capita,2020,19525.14269
NEU,NewPubEcon,$ 2005 PPP / capita,2025,21474.40872
NEU,NewPubEcon,$ 2005 PPP / capita,2030,22532.20409
NEU,NewPubEcon,$ 2005 PPP / capita,2035,22532.20409
NEU,NewPubEcon,$ 2005 PPP / capita,2040,22532.20409
NEU,NewPubEcon,$ 2005 PPP / capita,2045,22532.20409
NEU,NewPubEcon,$ 2005 PPP / capita,2050,22532.20409
NEU,NewPubEcon,$ 2005 PPP / capita,2055,22532.20409
NEU,NewPubEcon,$ 2005 PPP / capita,2060,22532.20409
NEU,NewPubEcon,$ 2005 PPP / capita,2065,22532.20409
NEU,NewPubEcon,$ 2005 PPP / capita,2070,22532.20409
NEU,NewPubEcon,$ 2005 PPP / capita,2075,22532.20409
NEU,NewPubEcon,$ 2005 PPP / capita,2080,22532.20409
NEU,NewPubEcon,$ 2005 PPP / capita,2085,22532.20409
NEU,NewPubEcon,$ 2005 PPP / capita,2090,22532.20409
NEU,NewPubEcon,$ 2005 PPP / capita,2095,22532.20409
NEU,NewPubEcon,$ 2005 PPP / capita,2100,22532.20409
OAS,SSP1,$ 2005 PPP / capita,2015,5515.56049
OAS,SSP1,$ 2005 PPP / capita,2020,6767.500682
OAS,SSP1,$ 2005 PPP / capita,2025,8432.321989
OAS,SSP1,$ 2005 PPP / capita,2030,10574.07727
OAS,SSP1,$ 2005 PPP / capita,2035,13221.53142
OAS,SSP1,$ 2005 PPP / capita,2040,16299.83283
OAS,SSP1,$ 2005 PPP / capita,2045,19731.38864
OAS,SSP1,$ 2005 PPP / capita,2050,23476.80465
OAS,SSP1,$ 2005 PPP / capita,2055,27508.85624
OAS,SSP1,$ 2005 PPP / capita,2060,31820.36983
OAS,SSP1,$ 2005 PPP / capita,2065,36371.72594
OAS,SSP1,$ 2005 PPP / capita,2070,41089.94058
OAS,SSP1,$ 2005 PPP / capita,2075,45934.00489
OAS,SSP1,$ 2005 PPP / capita,2080,50966.74685
OAS,SSP1,$ 2005 PPP / capita,2085,56176.96065
OAS,SSP1,$ 2005 PPP / capita,2090,61597.11588
OAS,SSP1,$ 2005 PPP / capita,2095,67243.28771
OAS,SSP1,$ 2005 PPP / capita,2100,73062.09221
OAS,SSP2,$ 2005 PPP / capita,2015,5515.56049
OAS,SSP2,$ 2005 PPP / capita,2020,6696.430235
OAS,SSP2,$ 2005 PPP / capita,2025,8038.723185
OAS,SSP2,$ 2005 PPP / capita,2030,9469.480775
OAS,SSP2,$ 2005 PPP / capita,2035,10979.51388
OAS,SSP2,$ 2005 PPP / capita,2040,12652.59845
OAS,SSP2,$ 2005 PPP / capita,2045,14485.3734
OAS,SSP2,$ 2005 PPP / capita,2050,16486.62432
OAS,SSP2,$ 2005 PPP / capita,2055,18696.47213
OAS,SSP2,$ 2005 PPP / capita,2060,21139.20635
OAS,SSP2,$ 2005 PPP / capita,2065,23842.38582
OAS,SSP2,$ 2005 PPP / capita,2070,26819.98865
OAS,SSP2,$ 2005 PPP / capita,2075,30073.02561
OAS,SSP2,$ 2005 PPP / capita,2080,33620.85824
OAS,SSP2,$ 2005 PPP / capita,2085,37460.67264
OAS,SSP2,$ 2005 PPP / capita,2090,41621.01345
OAS,SSP2,$ 2005 PPP / capita,2095,46113.42011
OAS,SSP2,$ 2005 PPP / capita,2100,50940.10218
OAS,SSP3,$ 2005 PPP / capita,2015,5515.56049
OAS,SSP3,$ 2005 PPP / capita,2020,6615.741915
OAS,SSP3,$ 2005 PPP / capita,2025,7659.067266
OAS,SSP3,$ 2005 PPP / capita,2030,8536.741637
OAS,SSP3,$ 2005 PPP / capita,2035,9242.557304
OAS,SSP3,$ 2005 PPP / capita,2040,9895.322223
OAS,SSP3,$ 2005 PPP / capita,2045,10479.17458
OAS,SSP3,$ 2005 PPP / capita,2050,10994.27196
OAS,SSP3,$ 2005 PPP / capita,2055,11504.76812
OAS,SSP3,$ 2005 PPP / capita,2060,12030.16011
OAS,SSP3,$ 2005 PPP / capita,2065,12594.5893
OAS,SSP3,$ 2005 PPP / capita,2070,13199.44816
OAS,SSP3,$ 2005 PPP / capita,2075,13835.86111
OAS,SSP3,$ 2005 PPP / capita,2080,14492.7647
OAS,SSP3,$ 2005 PPP / capita,2085,15159.5636
OAS,SSP3,$ 2005 PPP / capita,2090,15853.83529
OAS,SSP3,$ 2005 PPP / capita,2095,16587.87174
OAS,SSP3,$ 2005 PPP / capita,2100,17375.39775
OAS,SSP4,$ 2005 PPP / capita,2015,5515.56049
OAS,SSP4,$ 2005 PPP / capita,2020,6661.431211
OAS,SSP4,$ 2005 PPP / capita,2025,7890.59596
OAS,SSP4,$ 2005 PPP / capita,2030,9139.359273
OAS,SSP4,$ 2005 PPP / capita,2035,10331.12778
OAS,SSP4,$ 2005 PPP / capita,2040,11515.96886
OAS,SSP4,$ 2005 PPP / capita,2045,12654.1958
OAS,SSP4,$ 2005 PPP / capita,2050,13729.61366
OAS,SSP4,$ 2005 PPP / capita,2055,14786.81547
OAS,SSP4,$ 2005 PPP / capita,2060,15831.66918
OAS,SSP4,$ 2005 PPP / capita,2065,16848.23632
OAS,SSP4,$ 2005 PPP / capita,2070,17810.59751
OAS,SSP4,$ 2005 PPP / capita,2075,18696.06103
OAS,SSP4,$ 2005 PPP / capita,2080,19529.31637
OAS,SSP4,$ 2005 PPP / capita,2085,20304.55117
OAS,SSP4,$ 2005 PPP / capita,2090,21042.15121
OAS,SSP4,$ 2005 PPP / capita,2095,21753.58552
OAS,SSP4,$ 2005 PPP / capita,2100,22430.3223
OAS,SSP5,$ 2005 PPP / capita,2015,5515.56049
OAS,SSP5,$ 2005 PPP / capita,2020,6817.175005
OAS,SSP5,$ 2005 PPP / capita,2025,8740.102945
OAS,SSP5,$ 2005 PPP / capita,2030,11454.74528
OAS,SSP5,$ 2005 PPP / capita,2035,15024.723
OAS,SSP5,$ 2005 PPP / capita,2040,19298.37529
OAS,SSP5,$ 2005 PPP / capita,2045,24234.17633
OAS,SSP5,$ 2005 PPP / capita,2050,29794.69624
OAS,SSP5,$ 2005 PPP / capita,2055,35973.67164
OAS,SSP5,$ 2005 PPP / capita,2060,42820.58779
OAS,SSP5,$ 2005 PPP / capita,2065,50321.50574
OAS,SSP5,$ 2005 PPP / capita,2070,58412.57637
OAS,SSP5,$ 2005 PPP / capita,2075,67091.58686
OAS,SSP5,$ 2005 PPP / capita,2080,76505.3041
OAS,SSP5,$ 2005 PPP / capita,2085,86695.50278
OAS,SSP5,$ 2005 PPP / capita,2090,97772.28139
OAS,SSP5,$ 2005 PPP / capita,2095,109832.8092
OAS,SSP5,$ 2005 PPP / capita,2100,122866.14
OAS,cornucopia,$ 2005 PPP / capita,2015,5515.56049
OAS,cornucopia,$ 2005 PPP / capita,2020,6767.500682
OAS,cornucopia,$ 2005 PPP / capita,2025,8432.321989
OAS,cornucopia,$ 2005 PPP / capita,2030,10574.07727
OAS,cornucopia,$ 2005 PPP / capita,2035,13221.53142
OAS,cornucopia,$ 2005 PPP / capita,2040,16299.83283
OAS,cornucopia,$ 2005 PPP / capita,2045,19731.38864
OAS,cornucopia,$ 2005 PPP / capita,2050,23476.80465
OAS,cornucopia,$ 2005 PPP / capita,2055,27508.85624
OAS,cornucopia,$ 2005 PPP / capita,2060,31820.36983
OAS,cornucopia,$ 2005 PPP / capita,2065,36371.72594
OAS,cornucopia,$ 2005 PPP / capita,2070,41089.94058
OAS,cornucopia,$ 2005 PPP / capita,2075,45934.00489
OAS,cornucopia,$ 2005 PPP / capita,2080,50966.74685
OAS,cornucopia,$ 2005 PPP / capita,2085,56176.96065
OAS,cornucopia,$ 2005 PPP / capita,2090,61597.11588
OAS,cornucopia,$ 2005 PPP / capita,2095,67243.28771
OAS,cornucopia,$ 2005 PPP / capita,2100,73062.09221
OAS,HumServEcon,$ 2005 PPP / capita,2015,5515.56049
OAS,HumServEcon,$ 2005 PPP / capita,2020,6767.500682
OAS,HumServEcon,$ 2005 PPP / capita,2025,8432.321989
OAS,HumServEcon,$ 2005 PPP / capita,2030,10574.07727
OAS,HumServEcon,$ 2005 PPP / capita,2035,13221.53142
OAS,HumServEcon,$ 2005 PPP / capita,2040,16299.83283
OAS,HumServEcon,$ 2005 PPP / capita,2045,19731.38864
OAS,HumServEcon,$ 2005 PPP / capita,2050,23476.80465
OAS,HumServEcon,$ 2005 PPP / capita,2055,27508.85624
OAS,HumServEcon,$ 2005 PPP / capita,2060,31820.36983
OAS,HumServEcon,$ 2005 PPP / capita,2065,36371.72594
OAS,HumServEcon,$ 2005 PPP / capita,2070,41089.94058
OAS,HumServEcon,$ 2005 PPP / capita,2075,45934.00489
OAS,HumServEcon,$ 2005 PPP / capita,2080,50966.74685
OAS,HumServEcon,$ 2005 PPP / capita,2085,56176.96065
OAS,HumServEcon,$ 2005 PPP / capita,2090,61597.11588
OAS,HumServEcon,$ 2005 PPP / capita,2095,67243.28771
OAS,HumServEcon,$ 2005 PPP / capita,2100,73062.09221
OAS,NewPubEcon,$ 2005 PPP / capita,2015,5515.56049
OAS,NewPubEcon,$ 2005 PPP / capita,2020,6767.500682
OAS,NewPubEcon,$ 2005 PPP / capita,2025,8432.321989
OAS,NewPubEcon,$ 2005 PPP / capita,2030,10574.07727
OAS,NewPubEcon,$ 2005 PPP / capita,2035,13221.53142
OAS,NewPubEcon,$ 2005 PPP / capita,2040,16299.83283
OAS,NewPubEcon,$ 2005 PPP / capita,2045,19731.38864
OAS,NewPubEcon,$ 2005 PPP / capita,2050,23476.80465
OAS,NewPubEcon,$ 2005 PPP / capita,2055,27508.85624
OAS,NewPubEcon,$ 2005 PPP / capita,2060,31820.36983
OAS,NewPubEcon,$ 2005 PPP / capita,2065,36371.72594
OAS,NewPubEcon,$ 2005 PPP / capita,2070,41089.94058
OAS,NewPubEcon,$ 2005 PPP / capita,2075,45934.00489
OAS,NewPubEcon,$ 2005 PPP / capita,2080,50966.74685
OAS,NewPubEcon,$ 2005 PPP / capita,2085,56176.96065
OAS,NewPubEcon,$ 2005 PPP / capita,2090,61597.11588
OAS,NewPubEcon,$ 2005 PPP / capita,2095,67243.28771
OAS,NewPubEcon,$ 2005 PPP / capita,2100,73062.09221
REF,SSP1,$ 2005 PPP / capita,2015,12180.82254
REF,SSP1,$ 2005 PPP / capita,2020,14964.84309
REF,SSP1,$ 2005 PPP / capita,2025,18513.5653
REF,SSP1,$ 2005 PPP / capita,2030,22932.73145
REF,SSP1,$ 2005 PPP / capita,2035,27839.97189
REF,SSP1,$ 2005 PPP / capita,2040,32598.58763
REF,SSP1,$ 2005 PPP / capita,2045,36826.51695
REF,SSP1,$ 2005 PPP / capita,2050,40444.8433
REF,SSP1,$ 2005 PPP / capita,2055,43735.08476
REF,SSP1,$ 2005 PPP / capita,2060,47409.79897
REF,SSP1,$ 2005 PPP / capita,2065,51327.20198
REF,SSP1,$ 2005 PPP / capita,2070,55033.00054
REF,SSP1,$ 2005 PPP / capita,2075,58307.87416
REF,SSP1,$ 2005 PPP / capita,2080,61519.99672
REF,SSP1,$ 2005 PPP / capita,2085,64887.81542
REF,SSP1,$ 2005 PPP / capita,2090,68502.911
REF,SSP1,$ 2005 PPP / capita,2095,72297.9623
REF,SSP1,$ 2005 PPP / capita,2100,76139.66729
REF,SSP2,$ 2005 PPP / capita,2015,12180.82254
REF,SSP2,$ 2005 PPP / capita,2020,14834.34287
REF,SSP2,$ 2005 PPP / capita,2025,17856.86726
REF,SSP2,$ 2005 PPP / capita,2030,21073.52042
REF,SSP2,$ 2005 PPP / capita,2035,24272.07627
REF,SSP2,$ 2005 PPP / capita,2040,27293.75672
REF,SSP2,$ 2005 PPP / capita,2045,29988.9413
REF,SSP2,$ 2005 PPP / capita,2050,32402.25431
REF,SSP2,$ 2005 PPP / capita,2055,34829.61748
REF,SSP2,$ 2005 PPP / capita,2060,37801.16621
REF,SSP2,$ 2005 PPP / capita,2065,41105.9402
REF,SSP2,$ 2005 PPP / capita,2070,44525.06213
REF,SSP2,$ 2005 PPP / capita,2075,47855.47423
REF,SSP2,$ 2005 PPP / capita,2080,51186.91256
REF,SSP2,$ 2005 PPP / capita,2085,54648.91876
REF,SSP2,$ 2005 PPP / capita,2090,58318.33945
REF,SSP2,$ 2005 PPP / capita,2095,62183.64721
REF,SSP2,$ 2005 PPP / capita,2100,66124.5872
REF,SSP3,$ 2005 PPP / capita,2015,12180.82254
REF,SSP3,$ 2005 PPP / capita,2020,14715.76245
REF,SSP3,$ 2005 PPP / capita,2025,17317.33732
REF,SSP3,$ 2005 PPP / capita,2030,19819.89133
REF,SSP3,$ 2005 PPP / capita,2035,22117.89876
REF,SSP3,$ 2005 PPP / capita,2040,24072.9741
REF,SSP3,$ 2005 PPP / capita,2045,25389.74571
REF,SSP3,$ 2005 PPP / capita,2050,26123.91713
REF,SSP3,$ 2005 PPP / capita,2055,26688.61152
REF,SSP3,$ 2005 PPP / capita,2060,27634.90397
REF,SSP3,$ 2005 PPP / capita,2065,28909.55494
REF,SSP3,$ 2005 PPP / capita,2070,30268.40451
REF,SSP3,$ 2005 PPP / capita,2075,31563.92956
REF,SSP3,$ 2005 PPP / capita,2080,32815.44985
REF,SSP3,$ 2005 PPP / capita,2085,33942.64782
REF,SSP3,$ 2005 PPP / capita,2090,35136.56533
REF,SSP3,$ 2005 PPP / capita,2095,36362.30883
REF,SSP3,$ 2005 PPP / capita,2100,37541.28416
REF,SSP4,$ 2005 PPP / capita,2015,12180.82254
REF,SSP4,$ 2005 PPP / capita,2020,14829.45287
REF,SSP4,$ 2005 PPP / capita,2025,17944.09242
REF,SSP4,$ 2005 PPP / capita,2030,21527.6839
REF,SSP4,$ 2005 PPP / capita,2035,25406.34422
REF,SSP4,$ 2005 PPP / capita,2040,29230.66267
REF,SSP4,$ 2005 PPP / capita,2045,32655.77903
REF,SSP4,$ 2005 PPP / capita,2050,35639.81357
REF,SSP4,$ 2005 PPP / capita,2055,38524.00377
REF,SSP4,$ 2005 PPP / capita,2060,41986.48688
REF,SSP4,$ 2005 PPP / capita,2065,45752.69863
REF,SSP4,$ 2005 PPP / capita,2070,49576.14219
REF,SSP4,$ 2005 PPP / capita,2075,53214.17587
REF,SSP4,$ 2005 PPP / capita,2080,56839.4588
REF,SSP4,$ 2005 PPP / capita,2085,60574.86151
REF,SSP4,$ 2005 PPP / capita,2090,64516.94646
REF,SSP4,$ 2005 PPP / capita,2095,68655.38553
REF,SSP4,$ 2005 PPP / capita,2100,72810.60183
REF,SSP5,$ 2005 PPP / capita,2015,12180.82254
REF,SSP5,$ 2005 PPP / capita,2020,15066.22718
REF,SSP5,$ 2005 PPP / capita,2025,19350.75871
REF,SSP5,$ 2005 PPP / capita,2030,25166.49605
REF,SSP5,$ 2005 PPP / capita,2035,32118.18111
REF,SSP5,$ 2005 PPP / capita,2040,39154.84925
REF,SSP5,$ 2005 PPP / capita,2045,45751.75652
REF,SSP5,$ 2005 PPP / capita,2050,51769.18848
REF,SSP5,$ 2005 PPP / capita,2055,57581.64613
REF,SSP5,$ 2005 PPP / capita,2060,64163.10104
REF,SSP5,$ 2005 PPP / capita,2065,71421.61233
REF,SSP5,$ 2005 PPP / capita,2070,78819.10363
REF,SSP5,$ 2005 PPP / capita,2075,86108.20918
REF,SSP5,$ 2005 PPP / capita,2080,93835.5425
REF,SSP5,$ 2005 PPP / capita,2085,102322.7917
REF,SSP5,$ 2005 PPP / capita,2090,111720.4208
REF,SSP5,$ 2005 PPP / capita,2095,121958.3594
REF,SSP5,$ 2005 PPP / capita,2100,132928.4619
REF,cornucopia,$ 2005 PPP / capita,2015,12180.82254
REF,cornucopia,$ 2005 PPP / capita,2020,14964.84309
REF,cornucopia,$ 2005 PPP / capita,2025,18513.5653
REF,cornucopia,$ 2005 PPP / capita,2030,22932.73145
REF,cornucopia,$ 2005 PPP / capita,2035,27839.97189
REF,cornucopia,$ 2005 PPP / capita,2040,32598.58763
REF,cornucopia,$ 2005 PPP / capita,2045,36826.51695
REF,cornucopia,$ 2005 PPP / capita,2050,40444.8433
REF,cornucopia,$ 2005 PPP / capita,2055,43735.08476
REF,cornucopia,$ 2005 PPP / capita,2060,47409.79897
REF,cornucopia,$ 2005 PPP / capita,2065,51327.20198
REF,cornucopia,$ 2005 PPP / capita,2070,55033.00054
REF,cornucopia,$ 2005 PPP / capita,2075,58307.87416
REF,cornucopia,$ 2005 PPP / capita,2080,61519.99672
REF,cornucopia,$ 2005 PPP / capita,2085,64887.81542
REF,cornucopia,$ 2005 PPP / capita,2090,68502.911
REF,cornucopia,$ 2005 PPP / capita,2095,72297.9623
REF,cornucopia,$ 2005 PPP / capita,2100,76139.66729
REF,HumServEcon,$ 2005 PPP / capita,2015,12180.82254
REF,HumServEcon,$ 2005 PPP / capita,2020,14964.84309
REF,HumServEcon,$ 2005 PPP / capita,2025,17569.18896
REF,HumServEcon,$ 2005 PPP / capita,2030,20646.50135
REF,HumServEcon,$ 2005 PPP / capita,2035,23895.18623
REF,HumServEcon,$ 2005 PPP / capita,2040,26909.74628
REF,HumServEcon,$ 2005 PPP / capita,2045,29495.21768
REF,HumServEcon,$ 2005 PPP / capita,2050,31648.2566
REF,HumServEcon,$ 2005 PPP / capita,2055,33564.06735
REF,HumServEcon,$ 2005 PPP / capita,2060,35662.02909
REF,HumServEcon,$ 2005 PPP / capita,2065,37854.44187
REF,HumServEcon,$ 2005 PPP / capita,2070,39889.90759
REF,HumServEcon,$ 2005 PPP / capita,2075,41659.89757
REF,HumServEcon,$ 2005 PPP / capita,2080,43371.89466
REF,HumServEcon,$ 2005 PPP / capita,2085,45143.12522
REF,HumServEcon,$ 2005 PPP / capita,2090,47019.16578
REF,HumServEcon,$ 2005 PPP / capita,2095,48962.24514
REF,HumServEcon,$ 2005 PPP / capita,2100,50903.40124
REF,NewPubEcon,$ 2005 PPP / capita,2015,12180.82254
REF,NewPubEcon,$ 2005 PPP / capita,2020,14964.84309
REF,NewPubEcon,$ 2005 PPP / capita,2025,17969.08198
REF,NewPubEcon,$ 2005 PPP / capita,2030,20957.21702
REF,NewPubEcon,$ 2005 PPP / capita,2035,23434.4343
REF,NewPubEcon,$ 2005 PPP / capita,2040,25089.3659
REF,NewPubEcon,$ 2005 PPP / capita,2045,25986.86634
REF,NewPubEcon,$ 2005 PPP / capita,2050,26339.98216
REF,NewPubEcon,$ 2005 PPP / capita,2055,26339.98216
REF,NewPubEcon,$ 2005 PPP / capita,2060,26339.98216
REF,NewPubEcon,$ 2005 PPP / capita,2065,26339.98216
REF,NewPubEcon,$ 2005 PPP / capita,2070,26339.98216
REF,NewPubEcon,$ 2005 PPP / capita,2075,26339.98216
REF,NewPubEcon,$ 2005 PPP / capita,2080,26339.98216
REF,NewPubEcon,$ 2005 PPP / capita,2085,26339.98216
REF,NewPubEcon,$ 2005 PPP / capita,2090,26339.98216
REF,NewPubEcon,$ 2005 PPP / capita,2095,26339.98216
REF,NewPubEcon,$ 2005 PPP / capita,2100,26339.98216
SSA,SSP1,$ 2005 PPP / capita,2015,2265.260972
SSA,SSP1,$ 2005 PPP / capita,2020,2722.734495
SSA,SSP1,$ 2005 PPP / capita,2025,3387.27505
SSA,SSP1,$ 2005 PPP / capita,2030,4352.119284
SSA,SSP1,$ 2005 PPP / capita,2035,5678.305206
SSA,SSP1,$ 2005 PPP / capita,2040,7434.467858
SSA,SSP1,$ 2005 PPP / capita,2045,9697.525359
SSA,SSP1,$ 2005 PPP / capita,2050,12535.57954
SSA,SSP1,$ 2005 PPP / capita,2055,15942.70905
SSA,SSP1,$ 2005 PPP / capita,2060,19996.15971
SSA,SSP1,$ 2005 PPP / capita,2065,24671.92116
SSA,SSP1,$ 2005 PPP / capita,2070,29918.92925
SSA,SSP1,$ 2005 PPP / capita,2075,35679.44062
SSA,SSP1,$ 2005 PPP / capita,2080,41954.05456
SSA,SSP1,$ 2005 PPP / capita,2085,48682.34799
SSA,SSP1,$ 2005 PPP / capita,2090,55803.74205
SSA,SSP1,$ 2005 PPP / capita,2095,63275.51148
SSA,SSP1,$ 2005 PPP / capita,2100,70988.27678
SSA,SSP2,$ 2005 PPP / capita,2015,2265.260972
SSA,SSP2,$ 2005 PPP / capita,2020,2688.062684
SSA,SSP2,$ 2005 PPP / capita,2025,3197.650974
SSA,SSP2,$ 2005 PPP / capita,2030,3798.135392
SSA,SSP2,$ 2005 PPP / capita,2035,4493.861464
SSA,SSP2,$ 2005 PPP / capita,2040,5359.180742
SSA,SSP2,$ 2005 PPP / capita,2045,6437.900412
SSA,SSP2,$ 2005 PPP / capita,2050,7771.73501
SSA,SSP2,$ 2005 PPP / capita,2055,9403.429013
SSA,SSP2,$ 2005 PPP / capita,2060,11397.91742
SSA,SSP2,$ 2005 PPP / capita,2065,13786.35621
SSA,SSP2,$ 2005 PPP / capita,2070,16606.15569
SSA,SSP2,$ 2005 PPP / capita,2075,19888.05136
SSA,SSP2,$ 2005 PPP / capita,2080,23656.58289
SSA,SSP2,$ 2005 PPP / capita,2085,27937.72422
SSA,SSP2,$ 2005 PPP / capita,2090,32761.1124
SSA,SSP2,$ 2005 PPP / capita,2095,38127.73383
SSA,SSP2,$ 2005 PPP / capita,2100,44029.00202
SSA,SSP3,$ 2005 PPP / capita,2015,2265.260972
SSA,SSP3,$ 2005 PPP / capita,2020,2649.469735
SSA,SSP3,$ 2005 PPP / capita,2025,3016.749789
SSA,SSP3,$ 2005 PPP / capita,2030,3343.85077
SSA,SSP3,$ 2005 PPP / capita,2035,3628.618446
SSA,SSP3,$ 2005 PPP / capita,2040,3927.03937
SSA,SSP3,$ 2005 PPP / capita,2045,4253.664688
SSA,SSP3,$ 2005 PPP / capita,2050,4621.112576
SSA,SSP3,$ 2005 PPP / capita,2055,5045.009167
SSA,SSP3,$ 2005 PPP / capita,2060,5542.502588
SSA,SSP3,$ 2005 PPP / capita,2065,6115.247836
SSA,SSP3,$ 2005 PPP / capita,2070,6763.753884
SSA,SSP3,$ 2005 PPP / capita,2075,7484.609775
SSA,SSP3,$ 2005 PPP / capita,2080,8269.71
SSA,SSP3,$ 2005 PPP / capita,2085,9112.62952
SSA,SSP3,$ 2005 PPP / capita,2090,10014.43975
SSA,SSP3,$ 2005 PPP / capita,2095,10967.60834
SSA,SSP3,$ 2005 PPP / capita,2100,11977.72381
SSA,SSP4,$ 2005 PPP / capita,2015,2265.260972
SSA,SSP4,$ 2005 PPP / capita,2020,2649.670732
SSA,SSP4,$ 2005 PPP / capita,2025,3008.28206
SSA,SSP4,$ 2005 PPP / capita,2030,3329.52813
SSA,SSP4,$ 2005 PPP / capita,2035,3582.528938
SSA,SSP4,$ 2005 PPP / capita,2040,3827.349865
SSA,SSP4,$ 2005 PPP / capita,2045,4076.622613
SSA,SSP4,$ 2005 PPP / capita,2050,4340.925424
SSA,SSP4,$ 2005 PPP / capita,2055,4634.833979
SSA,SSP4,$ 2005 PPP / capita,2060,4971.862863
SSA,SSP4,$ 2005 PPP / capita,2065,5346.855733
SSA,SSP4,$ 2005 PPP / capita,2070,5758.517635
SSA,SSP4,$ 2005 PPP / capita,2075,6205.561632
SSA,SSP4,$ 2005 PPP / capita,2080,6682.684441
SSA,SSP4,$ 2005 PPP / capita,2085,7186.957603
SSA,SSP4,$ 2005 PPP / capita,2090,7721.066129
SSA,SSP4,$ 2005 PPP / capita,2095,8282.827303
SSA,SSP4,$ 2005 PPP / capita,2100,8879.659274
SSA,SSP5,$ 2005 PPP / capita,2015,2265.260972
SSA,SSP5,$ 2005 PPP / capita,2020,2737.106685
SSA,SSP5,$ 2005 PPP / capita,2025,3502.339291
SSA,SSP5,$ 2005 PPP / capita,2030,4735.608723
SSA,SSP5,$ 2005 PPP / capita,2035,6566.958343
SSA,SSP5,$ 2005 PPP / capita,2040,9044.580414
SSA,SSP5,$ 2005 PPP / capita,2045,12293.73423
SSA,SSP5,$ 2005 PPP / capita,2050,16448.64021
SSA,SSP5,$ 2005 PPP / capita,2055,21553.52215
SSA,SSP5,$ 2005 PPP / capita,2060,27776.79145
SSA,SSP5,$ 2005 PPP / capita,2065,35152.92345
SSA,SSP5,$ 2005 PPP / capita,2070,43683.33112
SSA,SSP5,$ 2005 PPP / capita,2075,53368.12881
SSA,SSP5,$ 2005 PPP / capita,2080,64305.82663
SSA,SSP5,$ 2005 PPP / capita,2085,76498.04207
SSA,SSP5,$ 2005 PPP / capita,2090,89947.25278
SSA,SSP5,$ 2005 PPP / capita,2095,104681.2985
SSA,SSP5,$ 2005 PPP / capita,2100,120606.3681
SSA,cornucopia,$ 2005 PPP / capita,2015,2265.260972
SSA,cornucopia,$ 2005 PPP / capita,2020,2722.734495
SSA,cornucopia,$ 2005 PPP / capita,2025,3387.27505
SSA,cornucopia,$ 2005 PPP / capita,2030,4352.119284
SSA,cornucopia,$ 2005 PPP / capita,2035,5678.305206
SSA,cornucopia,$ 2005 PPP / capita,2040,7434.467858
SSA,cornucopia,$ 2005 PPP / capita,2045,9697.525359
SSA,cornucopia,$ 2005 PPP / capita,2050,12535.57954
SSA,cornucopia,$ 2005 PPP / capita,2055,15942.70905
SSA,cornucopia,$ 2005 PPP / capita,2060,19996.15971
SSA,cornucopia,$ 2005 PPP / capita,2065,24671.92116
SSA,cornucopia,$ 2005 PPP / capita,2070,29918.92925
SSA,cornucopia,$ 2005 PPP / capita,2075,35679.44062
SSA,cornucopia,$ 2005 PPP / capita,2080,41954.05456
SSA,cornucopia,$ 2005 PPP / capita,2085,48682.34799
SSA,cornucopia,$ 2005 PPP / capita,2090,55803.74205
SSA,cornucopia,$ 2005 PPP / capita,2095,63275.51148
SSA,cornucopia,$ 2005 PPP / capita,2100,70988.27678
SSA,HumServEcon,$ 2005 PPP / capita,2015,2265.260972
SSA,HumServEcon,$ 2005 PPP / capita,2020,2722.734495
SSA,HumServEcon,$ 2005 PPP / capita,2025,3387.27505
SSA,HumServEcon,$ 2005 PPP / capita,2030,4352.119284
SSA,HumServEcon,$ 2005 PPP / capita,2035,5678.305206
SSA,HumServEcon,$ 2005 PPP / capita,2040,7434.467858
SSA,HumServEcon,$ 2005 PPP / capita,2045,9697.525359
SSA,HumServEcon,$ 2005 PPP / capita,2050,12535.57954
SSA,HumServEcon,$ 2005 PPP / capita,2055,15942.70905
SSA,HumServEcon,$ 2005 PPP / capita,2060,19996.15971
SSA,HumServEcon,$ 2005 PPP / capita,2065,24671.92116
SSA,HumServEcon,$ 2005 PPP / capita,2070,29918.92925
SSA,HumServEcon,$ 2005 PPP / capita,2075,35679.44062
SSA,HumServEcon,$ 2005 PPP / capita,2080,41954.05456
SSA,HumServEcon,$ 2005 PPP / capita,2085,48682.34799
SSA,HumServEcon,$ 2005 PPP / capita,2090,55803.74205
SSA,HumServEcon,$ 2005 PPP / capita,2095,63275.51148
SSA,HumServEcon,$ 2005 PPP / capita,2100,70988.27678
SSA,NewPubEcon,$ 2005 PPP / capita,2015,2265.260972
SSA,NewPubEcon,$ 2005 PPP / capita,2020,2722.734495
SSA,NewPubEcon,$ 2005 PPP / capita,2025,3387.27505
SSA,NewPubEcon,$ 2005 PPP / capita,2030,4352.119284
SSA,NewPubEcon,$ 2005 PPP / capita,2035,5678.305206
SSA,NewPubEcon,$ 2005 PPP / capita,2040,7434.467858
SSA,NewPubEcon,$ 2005 PPP / capita,2045,9697.525359
SSA,NewPubEcon,$ 2005 PPP / capita,2050,12535.57954
SSA,NewPubEcon,$ 2005 PPP / capita,2055,15942.70905
SSA,NewPubEcon,$ 2005 PPP / capita,2060,19996.15971
SSA,NewPubEcon,$ 2005 PPP / capita,2065,24671.92116
SSA,NewPubEcon,$ 2005 PPP / capita,2070,29918.92925
SSA,NewPubEcon,$ 2005 PPP / capita,2075,35679.44062
SSA,NewPubEcon,$ 2005 PPP / capita,2080,41954.05456
SSA,NewPubEcon,$ 2005 PPP / capita,2085,48682.34799
SSA,NewPubEcon,$ 2005 PPP / capita,2090,55803.74205
SSA,NewPubEcon,$ 2005 PPP / capita,2095,63275.51148
SSA,NewPubEcon,$ 2005 PPP / capita,2100,70988.27678
USA,SSP1,$ 2005 PPP / capita,2015,46246.72
USA,SSP1,$ 2005 PPP / capita,2020,51430.95136
USA,SSP1,$ 2005 PPP / capita,2025,56161.33211
USA,SSP1,$ 2005 PPP / capita,2030,60771.16047
USA,SSP1,$ 2005 PPP / capita,2035,65135.08996
USA,SSP1,$ 2005 PPP / capita,2040,69045.28222
USA,SSP1,$ 2005 PPP / capita,2045,72518.78788
USA,SSP1,$ 2005 PPP / capita,2050,75433.57675
USA,SSP1,$ 2005 PPP / capita,2055,78252.15146
USA,SSP1,$ 2005 PPP / capita,2060,81110.13385
USA,SSP1,$ 2005 PPP / capita,2065,84159.7806
USA,SSP1,$ 2005 PPP / capita,2070,87119.75226
USA,SSP1,$ 2005 PPP / capita,2075,90035.68564
USA,SSP1,$ 2005 PPP / capita,2080,93330.17144
USA,SSP1,$ 2005 PPP / capita,2085,96883.20411
USA,SSP1,$ 2005 PPP / capita,2090,100716.0294
USA,SSP1,$ 2005 PPP / capita,2095,104935.639
USA,SSP1,$ 2005 PPP / capita,2100,109529.9794
USA,SSP2,$ 2005 PPP / capita,2015,46246.72
USA,SSP2,$ 2005 PPP / capita,2020,51204.9895
USA,SSP2,$ 2005 PPP / capita,2025,55137.92493
USA,SSP2,$ 2005 PPP / capita,2030,58392.29078
USA,SSP2,$ 2005 PPP / capita,2035,61139.70435
USA,SSP2,$ 2005 PPP / capita,2040,63620.11695
USA,SSP2,$ 2005 PPP / capita,2045,65880.16026
USA,SSP2,$ 2005 PPP / capita,2050,67813.85921
USA,SSP2,$ 2005 PPP / capita,2055,69759.64656
USA,SSP2,$ 2005 PPP / capita,2060,71773.95087
USA,SSP2,$ 2005 PPP / capita,2065,73955.06317
USA,SSP2,$ 2005 PPP / capita,2070,76069.93202
USA,SSP2,$ 2005 PPP / capita,2075,78156.14985
USA,SSP2,$ 2005 PPP / capita,2080,80448.87224
USA,SSP2,$ 2005 PPP / capita,2085,82780.67413
USA,SSP2,$ 2005 PPP / capita,2090,85162.81448
USA,SSP2,$ 2005 PPP / capita,2095,87617.21262
USA,SSP2,$ 2005 PPP / capita,2100,90159.96347
USA,SSP3,$ 2005 PPP / capita,2015,46246.72
USA,SSP3,$ 2005 PPP / capita,2020,51072.89775
USA,SSP3,$ 2005 PPP / capita,2025,54894.66736
USA,SSP3,$ 2005 PPP / capita,2030,58029.88379
USA,SSP3,$ 2005 PPP / capita,2035,60664.36572
USA,SSP3,$ 2005 PPP / capita,2040,63067.19094
USA,SSP3,$ 2005 PPP / capita,2045,65326.16922
USA,SSP3,$ 2005 PPP / capita,2050,67236.45946
USA,SSP3,$ 2005 PPP / capita,2055,69057.86897
USA,SSP3,$ 2005 PPP / capita,2060,70819.32447
USA,SSP3,$ 2005 PPP / capita,2065,72536.81175
USA,SSP3,$ 2005 PPP / capita,2070,73846.00979
USA,SSP3,$ 2005 PPP / capita,2075,74808.29378
USA,SSP3,$ 2005 PPP / capita,2080,75828.5646
USA,SSP3,$ 2005 PPP / capita,2085,76764.29421
USA,SSP3,$ 2005 PPP / capita,2090,77731.47877
USA,SSP3,$ 2005 PPP / capita,2095,78809.3495
USA,SSP3,$ 2005 PPP / capita,2100,79871.64077
USA,SSP4,$ 2005 PPP / capita,2015,46246.72
USA,SSP4,$ 2005 PPP / capita,2020,51339.71632
USA,SSP4,$ 2005 PPP / capita,2025,56275.72764
USA,SSP4,$ 2005 PPP / capita,2030,61261.29443
USA,SSP4,$ 2005 PPP / capita,2035,66028.60986
USA,SSP4,$ 2005 PPP / capita,2040,70311.97442
USA,SSP4,$ 2005 PPP / capita,2045,74197.8751
USA,SSP4,$ 2005 PPP / capita,2050,77664.18821
USA,SSP4,$ 2005 PPP / capita,2055,81146.11024
USA,SSP4,$ 2005 PPP / capita,2060,84817.93177
USA,SSP4,$ 2005 PPP / capita,2065,88772.40418
USA,SSP4,$ 2005 PPP / capita,2070,92666.40908
USA,SSP4,$ 2005 PPP / capita,2075,96554.64612
USA,SSP4,$ 2005 PPP / capita,2080,100906.4037
USA,SSP4,$ 2005 PPP / capita,2085,105513.7339
USA,SSP4,$ 2005 PPP / capita,2090,110455.3104
USA,SSP4,$ 2005 PPP / capita,2095,115810.1516
USA,SSP4,$ 2005 PPP / capita,2100,121454.8594
USA,SSP5,$ 2005 PPP / capita,2015,46246.72
USA,SSP5,$ 2005 PPP / capita,2020,51571.79977
USA,SSP5,$ 2005 PPP / capita,2025,56929.43166
USA,SSP5,$ 2005 PPP / capita,2030,62714.31333
USA,SSP5,$ 2005 PPP / capita,2035,68663.4748
USA,SSP5,$ 2005 PPP / capita,2040,74237.66874
USA,SSP5,$ 2005 PPP / capita,2045,79618.37877
USA,SSP5,$ 2005 PPP / capita,2050,84741.39961
USA,SSP5,$ 2005 PPP / capita,2055,90130.0962
USA,SSP5,$ 2005 PPP / capita,2060,95937.08316
USA,SSP5,$ 2005 PPP / capita,2065,102440.6528
USA,SSP5,$ 2005 PPP / capita,2070,109506.4732
USA,SSP5,$ 2005 PPP / capita,2075,117197.2089
USA,SSP5,$ 2005 PPP / capita,2080,125748.8816
USA,SSP5,$ 2005 PPP / capita,2085,135087.8789
USA,SSP5,$ 2005 PPP / capita,2090,145268.7605
USA,SSP5,$ 2005 PPP / capita,2095,156494.2694
USA,SSP5,$ 2005 PPP / capita,2100,168988.5628
USA,cornucopia,$ 2005 PPP / capita,2015,46246.72
USA,cornucopia,$ 2005 PPP / capita,2020,51430.95136
USA,cornucopia,$ 2005 PPP / capita,2025,56161.33211
USA,cornucopia,$ 2005 PPP / capita,2030,60771.16047
USA,cornucopia,$ 2005 PPP / capita,2035,65135.08996
USA,cornucopia,$ 2005 PPP / capita,2040,69045.28222
USA,cornucopia,$ 2005 PPP / capita,2045,72518.78788
USA,cornucopia,$ 2005 PPP / capita,2050,75433.57675
USA,cornucopia,$ 2005 PPP / capita,2055,78252.15146
USA,cornucopia,$ 2005 PPP / capita,2060,81110.13385
USA,cornucopia,$ 2005 PPP / capita,2065,84159.7806
USA,cornucopia,$ 2005 PPP / capita,2070,87119.75226
USA,cornucopia,$ 2005 PPP / capita,2075,90035.68564
USA,cornucopia,$ 2005 PPP / capita,2080,93330.17144
USA,cornucopia,$ 2005 PPP / capita,2085,96883.20411
USA,cornucopia,$ 2005 PPP / capita,2090,100716.0294
USA,cornucopia,$ 2005 PPP / capita,2095,104935.639
USA,cornucopia,$ 2005 PPP / capita,2100,109529.9794
USA,HumServEcon,$ 2005 PPP / capita,2015,46246.72
USA,HumServEcon,$ 2005 PPP / capita,2020,51430.95136
USA,HumServEcon,$ 2005 PPP / capita,2025,53754.52581
USA,HumServEcon,$ 2005 PPP / capita,2030,55925.85932
USA,HumServEcon,$ 2005 PPP / capita,2035,57906.00774
USA,HumServEcon,$ 2005 PPP / capita,2040,59623.85083
USA,HumServEcon,$ 2005 PPP / capita,2045,61108.89663
USA,HumServEcon,$ 2005 PPP / capita,2050,62327.31017
USA,HumServEcon,$ 2005 PPP / capita,2055,63483.19685
USA,HumServEcon,$ 2005 PPP / capita,2060,64634.16983
USA,HumServEcon,$ 2005 PPP / capita,2065,65840.28531
USA,HumServEcon,$ 2005 PPP / capita,2070,66990.11072
USA,HumServEcon,$ 2005 PPP / capita,2075,68103.8221
USA,HumServEcon,$ 2005 PPP / capita,2080,69340.8565
USA,HumServEcon,$ 2005 PPP / capita,2085,70650.87961
USA,HumServEcon,$ 2005 PPP / capita,2090,72037.55573
USA,HumServEcon,$ 2005 PPP / capita,2095,73534.21577
USA,HumServEcon,$ 2005 PPP / capita,2100,75130.17471
USA,NewPubEcon,$ 2005 PPP / capita,2015,46246.72
USA,NewPubEcon,$ 2005 PPP / capita,2020,51430.95136
USA,NewPubEcon,$ 2005 PPP / capita,2025,54547.43795
USA,NewPubEcon,$ 2005 PPP / capita,2030,56008.58029
USA,NewPubEcon,$ 2005 PPP / capita,2035,56008.58029
USA,NewPubEcon,$ 2005 PPP / capita,2040,56008.58029
USA,NewPubEcon,$ 2005 PPP / capita,2045,56008.58029
USA,NewPubEcon,$ 2005 PPP / capita,2050,56008.58029
USA,NewPubEcon,$ 2005 PPP / capita,2055,56008.58029
USA,NewPubEcon,$ 2005 PPP / capita,2060,56008.58029
USA,NewPubEcon,$ 2005 PPP / capita,2065,56008.58029
USA,NewPubEcon,$ 2005 PPP / capita,2070,56008.58029
USA,NewPubEcon,$ 2005 PPP / capita,2075,56008.58029
USA,NewPubEcon,$ 2005 PPP / capita,2080,56008.58029
USA,NewPubEcon,$ 2005 PPP / capita,2085,56008.58029
USA,NewPubEcon,$ 2005 PPP / capita,2090,56008.58029
USA,NewPubEcon,$ 2005 PPP / capita,2095,56008.58029
USA,NewPubEcon,$ 2005 PPP / capita,2100,56008.58029
